Tanggal,Jam,Water Level
8/31/2018,17:02,1.79
8/31/2018,18:03,1.859
8/31/2018,19:03,1.803
8/31/2018,20:03,1.743
9/1/2018,5:04,1.584
9/1/2018,7:00,1.505
9/1/2018,8:01,1.466
9/1/2018,10:02,1.507
9/1/2018,11:03,1.547
9/1/2018,12:03,1.662
9/1/2018,13:00,1.751
9/5/2018,22:02,1.808
9/5/2018,23:02,1.638
9/6/2018,0:02,1.467
9/6/2018,1:03,1.327
9/6/2018,2:03,1.207
9/6/2018,3:03,1.156
9/6/2018,4:02,1.069
9/6/2018,5:02,1.103
9/6/2018,6:00,1.178
9/6/2018,7:00,1.303
9/6/2018,8:00,1.402
10/1/2018,20:02,1.704
10/1/2018,21:02,1.567
10/1/2018,22:02,1.489
10/1/2018,23:03,1.375
10/2/2018,0:03,1.234
10/2/2018,1:03,1.285
10/2/2018,2:03,1.228
10/2/2018,3:03,1.328
10/2/2018,4:03,1.418
10/2/2018,5:03,1.419
10/2/2018,6:03,1.529
10/2/2018,7:04,1.56
10/2/2018,8:04,1.622
10/2/2018,9:04,1.672
10/2/2018,10:04,1.656
10/2/2018,11:04,1.711
10/2/2018,12:04,1.704
10/2/2018,13:00,1.929
10/2/2018,14:00,1.966
10/2/2018,15:00,2.046
10/2/2018,16:00,1.914
10/2/2018,17:00,1.976
10/2/2018,18:00,1.981
10/2/2018,19:00,1.914
10/12/2018,4:04,1.472
10/12/2018,5:04,1.511
10/12/2018,6:04,1.597
10/12/2018,7:04,1.64
10/12/2018,8:04,1.716
10/12/2018,9:00,1.8
10/12/2018,10:00,1.886
10/12/2018,11:00,2.025
10/12/2018,12:00,1.953
10/12/2018,13:00,1.841
10/12/2018,14:00,1.819
10/12/2018,15:00,1.773
10/12/2018,16:00,1.735
10/12/2018,17:00,1.607
10/12/2018,18:01,1.637
10/12/2018,19:01,1.465
10/12/2018,20:01,1.425
10/12/2018,21:01,1.42
10/12/2018,22:01,1.371
10/12/2018,23:01,1.412
10/13/2018,0:01,1.347
10/13/2018,1:01,1.353
10/13/2018,2:02,1.339
10/13/2018,3:02,1.387
10/13/2018,4:02,1.464
10/13/2018,5:02,1.52
10/13/2018,6:02,1.59
10/13/2018,7:02,1.656
10/13/2018,8:02,1.674
10/13/2018,9:03,1.751
10/13/2018,10:03,1.837
10/13/2018,11:03,1.903
10/13/2018,12:03,1.873
10/13/2018,13:03,1.836
10/13/2018,14:03,1.818
10/13/2018,15:03,1.711
10/13/2018,16:03,1.668
10/13/2018,17:04,1.558
10/13/2018,18:04,1.477
10/13/2018,19:04,1.432
10/13/2018,20:04,1.364
10/13/2018,21:04,1.294
10/13/2018,22:04,1.292
10/13/2018,23:04,1.32
10/14/2018,0:01,1.267
10/14/2018,1:01,1.251
10/14/2018,2:01,1.29
10/14/2018,3:01,1.317
10/14/2018,4:02,1.405
10/14/2018,5:02,1.459
10/14/2018,6:02,1.543
10/14/2018,7:02,1.624
10/14/2018,8:02,1.647
10/14/2018,9:02,1.675
10/14/2018,10:02,1.75
10/14/2018,11:02,1.786
10/14/2018,12:02,1.799
10/14/2018,13:03,1.825
10/14/2018,14:03,1.812
10/14/2018,15:03,1.792
10/14/2018,16:03,1.662
10/14/2018,17:03,1.554
10/24/2018,4:06,1.402
10/24/2018,5:03,1.478
10/24/2018,6:03,1.503
10/24/2018,7:03,1.641
10/24/2018,8:03,1.622
10/24/2018,9:03,1.741
10/24/2018,10:08,1.786
10/24/2018,11:03,1.785
10/24/2018,12:03,1.746
10/24/2018,13:08,1.7
10/24/2018,14:04,1.591
10/24/2018,15:04,1.63
10/24/2018,16:04,1.422
10/24/2018,17:04,1.496
10/24/2018,18:04,1.393
10/24/2018,19:04,1.456
10/24/2018,20:04,1.411
10/24/2018,21:04,1.491
10/24/2018,22:01,1.478
10/24/2018,23:02,1.485
10/25/2018,0:02,1.489
10/25/2018,1:02,1.507
10/25/2018,2:02,1.495
10/25/2018,3:02,1.507
10/25/2018,4:02,1.533
10/25/2018,5:02,1.551
10/25/2018,6:02,1.58
10/25/2018,7:02,1.669
10/25/2018,8:03,1.792
10/25/2018,9:03,1.809
10/25/2018,10:03,1.855
10/25/2018,11:03,1.797
10/25/2018,12:03,1.733
10/25/2018,13:03,1.741
10/25/2018,14:03,1.719
10/25/2018,15:08,1.65
10/25/2018,16:03,1.542
10/25/2018,17:04,1.441
10/25/2018,18:04,1.315
10/25/2018,19:04,1.362
10/25/2018,20:04,1.323
10/25/2018,21:04,1.373
10/25/2018,22:04,1.409
10/25/2018,23:04,1.353
10/26/2018,0:04,1.41
10/26/2018,1:05,1.411
10/26/2018,2:00,1.406
10/26/2018,3:00,1.434
10/26/2018,4:00,1.48
10/26/2018,5:00,1.574
10/26/2018,6:00,1.596
10/26/2018,7:00,1.612
10/26/2018,8:00,1.711
10/26/2018,9:05,1.825
10/26/2018,10:01,1.867
10/26/2018,11:01,1.892
10/26/2018,12:01,1.881
10/26/2018,13:01,1.833
10/26/2018,14:01,1.788
10/26/2018,15:01,1.597
10/26/2018,16:01,1.54
10/26/2018,17:01,1.555
10/26/2018,18:01,1.406
10/26/2018,19:04,1.375
10/26/2018,20:04,1.338
10/26/2018,21:04,1.39
10/26/2018,22:04,1.424
10/26/2018,23:04,1.384
10/27/2018,0:04,1.467
10/27/2018,1:04,1.486
10/27/2018,2:00,1.518
10/27/2018,3:00,1.486
10/27/2018,4:00,1.583
10/27/2018,5:00,1.67
10/27/2018,6:00,1.752
10/27/2018,7:00,1.761
10/27/2018,8:00,1.873
10/27/2018,9:00,1.861
10/27/2018,10:00,1.965
10/27/2018,11:03,2.04
10/27/2018,12:03,1.97
10/27/2018,14:03,1.723
10/27/2018,15:03,1.738
10/27/2018,16:03,1.571
10/27/2018,17:04,1.454
10/27/2018,18:04,1.416
10/27/2018,19:03,1.251
10/27/2018,20:03,1.271
10/27/2018,21:08,1.317
10/27/2018,22:08,1.275
10/27/2018,23:03,1.329
10/28/2018,0:03,1.353
10/28/2018,1:03,1.337
10/28/2018,2:03,1.398
10/28/2018,3:04,1.381
10/28/2018,4:04,1.507
10/28/2018,5:04,1.6
10/28/2018,6:04,1.649
10/28/2018,7:04,1.712
10/28/2018,8:04,1.794
10/28/2018,9:04,1.807
10/28/2018,10:04,1.949
10/28/2018,11:00,2.021
10/28/2018,12:00,1.965
10/28/2018,13:05,1.929
10/28/2018,14:00,1.89
10/28/2018,15:00,1.848
10/28/2018,16:00,1.654
10/28/2018,17:03,1.613
10/28/2018,18:03,1.45
10/28/2018,19:03,1.416
10/28/2018,20:03,1.278
10/28/2018,21:04,1.295
10/28/2018,22:03,1.241
10/28/2018,23:03,1.264
10/29/2018,0:03,1.213
10/29/2018,1:03,1.293
10/29/2018,2:03,1.337
10/29/2018,4:07,1.488
10/29/2018,5:02,1.526
10/29/2018,6:02,1.677
10/29/2018,7:02,1.776
10/29/2018,8:02,1.822
10/29/2018,9:02,1.84
10/29/2018,10:02,1.944
10/29/2018,11:00,2.008
10/29/2018,12:00,1.992
10/29/2018,13:00,1.992
10/29/2018,14:00,1.9
10/29/2018,15:00,1.916
10/29/2018,16:00,1.823
10/29/2018,17:01,1.708
10/29/2018,18:06,1.627
10/29/2018,19:01,1.523
10/29/2018,20:01,1.366
10/29/2018,21:01,1.34
10/29/2018,22:01,1.23
10/29/2018,23:02,1.269
10/30/2018,0:02,1.193
10/30/2018,1:00,1.199
10/30/2018,2:00,1.264
10/30/2018,3:00,1.287
10/30/2018,4:00,1.437
10/30/2018,5:01,1.527
10/30/2018,6:03,1.584
10/30/2018,7:03,1.721
10/30/2018,8:03,1.788
10/30/2018,9:03,1.769
10/30/2018,10:02,1.871
10/30/2018,11:03,1.926
10/30/2018,12:03,1.971
10/30/2018,13:04,1.938
10/30/2018,14:04,2.02
10/30/2018,15:04,1.898
10/30/2018,16:04,1.854
10/30/2018,17:04,1.845
10/30/2018,18:04,1.711
10/30/2018,19:04,1.607
10/30/2018,20:04,1.48
10/30/2018,21:04,1.339
10/30/2018,22:05,1.276
10/30/2018,23:00,1.232
10/31/2018,0:00,1.223
11/4/2018,16:03,1.651
11/4/2018,17:04,1.721
11/4/2018,18:09,1.696
11/4/2018,19:09,1.667
11/4/2018,20:00,1.73
11/4/2018,21:00,1.7
11/4/2018,22:00,1.662
11/4/2018,23:00,1.55
11/5/2018,0:00,1.503
11/5/2018,1:00,1.446
11/5/2018,2:00,1.429
11/5/2018,3:00,1.364
11/5/2018,4:00,1.402
11/5/2018,5:00,1.453
11/5/2018,6:00,1.573
11/5/2018,7:00,1.726
11/5/2018,8:04,1.824
11/5/2018,9:04,1.865
11/20/2018,11:02,1.766
11/20/2018,12:02,1.731
11/20/2018,13:02,1.678
11/20/2018,14:02,1.619
11/20/2018,15:00,1.606
11/20/2018,16:00,1.532
11/20/2018,17:04,1.374
11/20/2018,18:09,1.496
11/20/2018,19:04,1.471
11/20/2018,20:04,1.442
11/20/2018,21:04,1.42
11/20/2018,22:00,1.37
11/20/2018,23:02,1.456
11/21/2018,0:02,1.362
11/21/2018,1:02,1.399
11/21/2018,2:03,1.422
11/21/2018,3:03,1.484
11/21/2018,4:03,1.537
11/21/2018,5:03,1.644
1/9/2019,3:01,1.452
1/9/2019,4:02,1.525
1/9/2019,5:02,1.597
1/9/2019,6:02,1.692
1/9/2019,7:02,1.778
1/9/2019,8:02,1.813
1/9/2019,9:04,1.857
1/9/2019,10:04,1.957
1/9/2019,11:04,2.02
1/9/2019,12:04,1.964
1/9/2019,13:04,1.893
1/9/2019,14:04,1.804
1/9/2019,15:04,1.707
1/9/2019,16:04,1.473
1/9/2019,17:05,1.487
1/9/2019,18:00,1.339
1/9/2019,19:05,1.206
1/9/2019,20:00,1.309
1/9/2019,21:00,1.175
1/9/2019,22:09,1.212
1/9/2019,23:04,1.26
1/10/2019,0:04,1.457
1/10/2019,1:04,1.418
1/10/2019,2:00,1.445
1/10/2019,3:00,1.492
1/10/2019,4:00,1.514
1/10/2019,5:00,1.64
1/10/2019,6:00,1.579
1/10/2019,7:00,1.666
1/10/2019,8:00,1.78
1/10/2019,9:00,1.822
1/10/2019,10:01,1.828
1/10/2019,11:01,1.74
1/10/2019,12:03,1.954
1/10/2019,13:04,1.91
1/10/2019,14:04,1.708
1/10/2019,15:04,1.657
1/10/2019,16:04,1.568
1/10/2019,17:04,1.386
1/10/2019,18:04,1.286
1/10/2019,19:04,1.277
1/10/2019,20:04,1.147
1/10/2019,21:04,1.189
1/10/2019,22:00,1.225
1/10/2019,23:00,1.272
1/11/2019,0:00,1.212
1/11/2019,1:00,1.299
1/11/2019,2:00,1.428
1/11/2019,3:04,1.508
1/11/2019,4:00,1.514
1/11/2019,5:00,1.577
1/11/2019,6:00,1.615
1/11/2019,7:00,1.711
1/11/2019,8:00,1.833
1/11/2019,9:00,1.815
1/11/2019,10:00,1.826
1/11/2019,11:00,1.845
1/11/2019,12:00,1.766
1/11/2019,13:00,1.805
1/11/2019,14:00,1.805
1/11/2019,15:00,1.625
1/11/2019,16:00,1.652
1/11/2019,17:01,1.555
1/11/2019,18:01,1.297
1/11/2019,19:01,1.157
1/11/2019,20:01,1.39
1/11/2019,21:02,1.394
1/11/2019,22:02,1.371
1/11/2019,23:02,1.334
1/12/2019,0:07,1.418
1/12/2019,1:02,1.392
1/12/2019,2:03,1.437
1/12/2019,3:03,1.386
1/12/2019,4:03,1.394
1/12/2019,5:03,1.756
1/12/2019,6:03,1.662
1/12/2019,7:03,1.662
1/12/2019,8:03,1.782
1/12/2019,9:08,1.72
1/12/2019,10:03,1.64
1/12/2019,11:00,1.767
1/12/2019,12:00,1.777
1/12/2019,13:00,1.687
1/12/2019,14:01,1.718
1/12/2019,15:01,1.68
1/12/2019,16:01,1.644
1/12/2019,17:01,1.499
1/12/2019,18:01,1.574
1/12/2019,19:01,1.394
1/12/2019,20:01,1.282
1/12/2019,21:07,1.334
1/12/2019,22:04,1.244
1/12/2019,23:04,1.398
1/13/2019,0:04,1.395
1/13/2019,1:04,1.399
1/13/2019,2:04,1.487
1/13/2019,3:04,1.588
1/13/2019,4:04,1.502
1/13/2019,5:00,1.595
1/13/2019,6:00,1.743
3/1/2019,11:00,1.734
3/1/2019,12:00,1.53
3/1/2019,13:00,1.523
3/1/2019,14:00,1.32
3/1/2019,15:00,1.201
3/1/2019,16:00,1.24
3/1/2019,17:00,1.293
3/1/2019,18:00,1.342
3/1/2019,19:00,1.369
3/1/2019,20:00,1.421
3/1/2019,21:00,1.512
3/1/2019,22:00,1.561
3/1/2019,23:00,1.659
3/2/2019,0:00,1.633
3/2/2019,1:00,1.639
3/2/2019,2:00,1.675
3/2/2019,3:00,1.589
3/2/2019,4:00,1.683
3/2/2019,5:00,1.778
3/2/2019,6:00,1.825
3/2/2019,7:00,1.911
3/2/2019,8:00,1.799
3/2/2019,9:00,1.743
3/2/2019,10:00,1.776
3/2/2019,11:00,1.806
3/2/2019,12:00,1.562
3/2/2019,13:00,1.369
3/2/2019,14:00,1.169
3/2/2019,15:00,1.098
3/2/2019,16:00,1.172
3/2/2019,17:00,1.174
3/2/2019,18:00,1.138
3/2/2019,19:00,1.214
3/2/2019,20:00,1.28
3/2/2019,21:00,1.356
3/2/2019,22:00,1.496
3/2/2019,23:00,1.418
3/3/2019,0:00,1.591
3/3/2019,1:00,1.587
3/3/2019,2:00,1.661
3/3/2019,3:00,1.628
3/3/2019,4:00,1.691
3/3/2019,5:00,1.706
3/3/2019,6:00,1.769
3/3/2019,7:00,1.847
3/3/2019,8:00,1.821
3/3/2019,9:00,1.914
3/3/2019,10:00,1.801
3/3/2019,11:00,1.703
3/3/2019,12:00,1.504
3/3/2019,13:00,1.36
3/3/2019,14:00,1.372
3/3/2019,15:00,1.202
3/3/2019,16:00,1.168
3/3/2019,17:00,1.127
3/3/2019,18:00,1.275
3/3/2019,19:00,1.254
3/3/2019,20:00,1.39
3/3/2019,21:00,1.308
3/3/2019,22:00,1.516
3/3/2019,23:00,1.561
3/4/2019,0:00,1.521
3/4/2019,1:00,1.527
3/4/2019,2:00,1.544
3/4/2019,3:00,1.577
3/4/2019,4:00,1.643
3/4/2019,5:00,1.704
3/4/2019,6:00,1.777
3/4/2019,7:00,1.83
3/4/2019,8:00,1.89
3/4/2019,9:00,1.912
3/4/2019,10:00,1.814
3/4/2019,11:00,1.778
3/4/2019,12:00,1.717
3/4/2019,13:00,1.572
3/4/2019,14:00,1.463
3/4/2019,15:00,1.398
3/4/2019,16:00,1.396
3/4/2019,17:00,1.291
3/4/2019,18:00,1.351
3/4/2019,19:00,1.234
3/4/2019,20:00,1.361
3/4/2019,21:00,1.396
3/4/2019,22:00,1.473
3/4/2019,23:00,1.481
3/5/2019,0:00,1.522
3/5/2019,1:00,1.619
3/5/2019,2:00,1.612
3/5/2019,3:00,1.633
3/5/2019,4:00,1.624
3/5/2019,5:00,1.632
3/5/2019,6:00,1.783
3/5/2019,7:00,1.732
3/5/2019,8:00,1.881
3/5/2019,9:00,1.882
3/5/2019,10:00,1.745
3/5/2019,11:00,1.892
3/5/2019,12:00,1.745
3/5/2019,13:00,1.76
3/5/2019,14:00,1.514
3/5/2019,15:00,1.448
3/5/2019,16:00,1.367
3/5/2019,17:00,1.286
3/5/2019,18:00,1.194
3/5/2019,19:00,1.282
3/5/2019,20:00,1.312
3/5/2019,21:00,1.419
3/5/2019,22:00,1.698
3/5/2019,23:00,1.571
3/6/2019,0:00,1.606
3/6/2019,1:00,1.626
3/6/2019,2:00,1.581
3/6/2019,3:00,1.664
3/6/2019,4:00,1.59
3/6/2019,5:00,1.625
3/6/2019,6:00,1.594
3/6/2019,7:00,1.697
3/6/2019,8:00,1.743
3/6/2019,9:00,1.793
3/6/2019,10:00,1.792
3/6/2019,11:00,1.748
3/6/2019,12:00,1.584
3/6/2019,13:00,1.459
3/6/2019,14:00,1.431
3/6/2019,15:00,1.223
3/6/2019,16:00,1.185
3/6/2019,17:00,1.144
3/6/2019,18:00,1.003
3/6/2019,19:00,1.111
3/6/2019,20:00,1.158
3/6/2019,21:00,1.097
3/6/2019,22:00,1.171
3/6/2019,23:00,1.231
3/7/2019,0:00,1.307
3/7/2019,1:00,1.224
3/7/2019,2:00,1.22
3/7/2019,3:00,1.229
3/7/2019,4:00,1.259
3/7/2019,5:00,1.372
3/7/2019,6:00,1.423
3/7/2019,7:00,1.507
3/7/2019,8:00,1.455
3/7/2019,9:00,1.601
3/7/2019,10:00,1.618
3/7/2019,11:00,1.558
3/7/2019,12:00,1.571
3/7/2019,13:00,1.499
3/7/2019,14:00,1.333
3/7/2019,15:00,1.285
3/7/2019,16:00,1.288
3/7/2019,17:00,1.153
3/7/2019,18:00,1.202
3/7/2019,19:00,1.164
3/7/2019,20:00,1.225
3/7/2019,21:00,1.318
3/7/2019,22:00,1.344
4/3/2019,8:00,1.588
4/3/2019,9:00,1.597
4/3/2019,10:00,1.598
4/3/2019,11:00,1.546
4/3/2019,12:00,1.543
4/3/2019,13:00,1.444
4/3/2019,14:00,1.499
4/3/2019,15:00,1.297
4/3/2019,16:00,1.377
4/3/2019,17:00,1.292
4/3/2019,18:00,1.353
4/3/2019,19:00,1.454
4/3/2019,20:00,1.509
4/3/2019,21:00,1.584
4/3/2019,22:00,1.637
4/3/2019,23:00,1.629
4/4/2019,0:00,1.644
4/4/2019,1:00,1.602
4/4/2019,2:00,1.574
4/4/2019,3:00,1.576
4/4/2019,4:00,1.589
4/4/2019,5:00,1.562
4/4/2019,6:00,1.564
4/4/2019,7:00,1.562
4/4/2019,8:00,1.605
4/4/2019,9:00,1.639
4/4/2019,10:00,1.63
4/4/2019,11:00,1.582
4/4/2019,12:00,1.574
4/4/2019,13:00,1.563
4/4/2019,14:00,1.479
4/4/2019,15:00,1.388
4/4/2019,16:00,1.413
4/4/2019,17:00,1.392
4/4/2019,18:00,1.489
4/4/2019,19:00,1.486
4/4/2019,20:00,1.569
4/4/2019,21:00,1.678
4/4/2019,22:00,1.726
4/4/2019,23:00,1.682
4/5/2019,0:00,1.698
4/5/2019,2:00,1.626
4/5/2019,3:00,1.65
4/5/2019,4:00,1.668
4/5/2019,5:00,1.631
4/5/2019,6:00,1.649
4/5/2019,7:00,1.657
4/5/2019,8:00,1.644
4/5/2019,9:00,1.646
4/5/2019,10:00,1.637
4/5/2019,11:00,1.611
4/5/2019,12:00,1.605
4/5/2019,13:00,1.544
4/5/2019,14:00,1.44
4/5/2019,15:00,1.495
4/5/2019,16:00,1.335
4/5/2019,17:00,1.379
4/5/2019,18:00,1.463
4/5/2019,19:00,1.544
4/5/2019,20:00,1.604
4/5/2019,21:00,1.67
4/5/2019,22:00,1.727
4/5/2019,23:00,1.833
4/6/2019,0:00,1.727
4/6/2019,1:00,1.731
4/6/2019,2:00,1.655
4/6/2019,3:00,1.57
4/6/2019,5:00,1.584
4/6/2019,6:00,1.597
4/6/2019,7:00,1.491
4/6/2019,8:00,1.536
4/6/2019,9:00,1.519
4/6/2019,10:00,1.517
4/6/2019,11:00,1.542
4/6/2019,12:00,1.592
4/6/2019,13:00,1.514
4/6/2019,14:00,1.567
4/6/2019,15:00,1.382
4/6/2019,16:00,1.429
4/6/2019,17:00,1.435
4/6/2019,18:00,1.428
4/6/2019,19:00,1.53
4/6/2019,20:00,1.569
4/6/2019,21:00,1.636
4/6/2019,22:00,1.735
4/6/2019,23:00,1.735
4/7/2019,0:00,1.763
4/7/2019,1:00,1.678
4/7/2019,2:00,1.627
4/7/2019,3:00,1.626
4/7/2019,4:00,1.511
4/7/2019,5:00,1.537
4/7/2019,6:00,1.51
4/7/2019,7:00,1.473
4/7/2019,8:00,1.469
4/7/2019,9:00,1.463
4/7/2019,10:00,1.54
4/7/2019,11:00,1.464
4/7/2019,12:00,1.499
4/7/2019,13:00,1.471
4/7/2019,14:00,1.532
4/7/2019,15:00,1.442
4/7/2019,16:00,1.45
4/7/2019,17:00,1.454
4/7/2019,18:00,1.487
4/7/2019,19:00,1.566
4/7/2019,20:00,1.595
4/7/2019,21:00,1.711
4/7/2019,22:00,1.769
4/8/2019,0:00,1.797
4/8/2019,1:00,1.729
4/8/2019,2:00,1.712
4/8/2019,3:00,1.661
4/8/2019,4:00,1.61
4/8/2019,5:00,1.542
4/8/2019,6:00,1.513
4/8/2019,7:00,1.444
4/8/2019,8:00,1.428
4/8/2019,9:00,1.409
4/8/2019,10:00,1.397
4/8/2019,11:00,1.367
4/8/2019,12:00,1.384
4/8/2019,13:00,1.449
4/8/2019,14:00,1.452
4/8/2019,15:00,1.439
4/8/2019,16:00,1.597
4/8/2019,17:00,1.531
4/8/2019,18:00,1.534
4/8/2019,19:00,1.615
4/8/2019,20:00,1.574
4/8/2019,21:00,1.681
4/8/2019,22:00,1.792
4/8/2019,23:00,1.944
4/9/2019,0:00,1.874
4/9/2019,1:00,1.883
4/9/2019,2:00,1.776
4/9/2019,3:00,1.729
4/9/2019,4:00,1.645
4/9/2019,5:00,1.56
4/9/2019,6:00,1.538
4/9/2019,7:00,1.397
4/9/2019,8:00,1.348
4/9/2019,9:00,1.36
4/9/2019,10:00,1.336
4/9/2019,11:00,1.322
4/9/2019,12:00,1.326
4/9/2019,13:00,1.339
4/9/2019,14:00,1.35
4/9/2019,15:00,1.403
4/9/2019,16:00,1.489
4/9/2019,17:00,1.553
4/9/2019,18:00,1.47
4/9/2019,19:00,1.754
4/9/2019,20:00,1.697
4/9/2019,21:00,1.67
4/9/2019,22:00,1.692
4/9/2019,23:00,1.834
4/10/2019,0:00,1.807
4/10/2019,1:00,1.771
4/10/2019,2:00,1.84
4/10/2019,3:00,1.752
4/10/2019,4:00,1.686
4/10/2019,5:00,1.606
4/10/2019,6:00,1.577
4/10/2019,7:00,1.553
4/10/2019,8:00,1.443
4/10/2019,9:00,1.356
4/10/2019,10:00,1.344
4/10/2019,11:00,1.289
4/10/2019,12:00,1.299
4/10/2019,13:00,1.3
4/10/2019,14:00,1.302
4/10/2019,15:00,1.325
4/10/2019,16:00,1.402
4/10/2019,17:00,1.477
4/10/2019,18:00,1.564
4/10/2019,19:00,1.622
4/10/2019,20:00,1.66
4/10/2019,21:00,1.694
4/10/2019,22:00,1.769
4/10/2019,23:00,1.887
4/11/2019,0:00,1.826
4/11/2019,1:00,1.838
4/11/2019,2:00,1.85
4/11/2019,3:00,1.875
5/21/2019,16:00,1.581
5/21/2019,17:00,1.75
5/21/2019,18:00,1.792
5/21/2019,19:00,1.824
5/21/2019,20:00,1.938
5/21/2019,21:00,2.028
5/21/2019,22:00,2.074
5/21/2019,23:00,2.06
5/22/2019,0:00,1.989
5/22/2019,1:00,1.955
5/22/2019,2:00,1.898
5/22/2019,3:00,1.853
5/22/2019,4:00,1.784
5/22/2019,5:00,1.742
5/22/2019,6:00,1.515
5/22/2019,7:00,1.516
5/22/2019,8:00,1.443
5/22/2019,9:00,1.335
5/22/2019,10:00,1.34
5/22/2019,11:00,1.332
5/22/2019,12:00,1.331
5/22/2019,13:00,1.425
5/22/2019,14:00,1.439
5/22/2019,15:00,1.588
5/22/2019,16:00,1.6
5/22/2019,17:00,1.666
5/22/2019,18:00,1.833
5/22/2019,19:00,1.913
5/22/2019,20:00,1.876
5/22/2019,21:00,1.952
5/22/2019,22:00,1.95
5/22/2019,23:00,1.995
5/23/2019,0:00,1.946
5/23/2019,1:00,1.866
5/23/2019,2:00,1.969
5/23/2019,3:00,1.862
5/23/2019,4:00,1.79
5/23/2019,5:00,1.695
5/23/2019,6:00,1.594
5/23/2019,7:00,1.474
5/23/2019,8:00,1.494
5/23/2019,9:00,1.255
5/23/2019,10:00,1.336
5/23/2019,11:00,1.265
5/23/2019,12:00,1.28
5/23/2019,13:00,1.257
5/23/2019,14:00,1.34
5/23/2019,15:00,1.36
5/23/2019,16:00,1.497
5/23/2019,17:00,1.668
5/23/2019,18:00,1.664
5/23/2019,19:00,1.793
5/23/2019,20:00,1.934
5/23/2019,21:00,1.903
5/23/2019,22:00,1.976
5/23/2019,23:00,1.95
5/24/2019,0:00,1.972
5/24/2019,1:00,1.948
5/24/2019,2:00,1.914
5/24/2019,3:00,1.881
5/24/2019,4:00,1.87
5/24/2019,5:00,1.803
5/24/2019,6:00,1.738
5/24/2019,7:00,1.64
5/24/2019,8:00,1.495
5/24/2019,9:00,1.401
5/24/2019,10:00,1.384
5/24/2019,11:00,1.319
5/24/2019,12:00,1.321
5/24/2019,13:00,1.274
5/24/2019,14:00,1.309
5/24/2019,15:00,1.463
5/24/2019,16:00,1.59
5/24/2019,17:00,1.614
5/24/2019,18:00,1.685
5/24/2019,19:00,1.969
5/24/2019,20:00,1.916
5/24/2019,21:00,1.91
5/24/2019,22:00,1.868
5/24/2019,23:00,1.888
5/25/2019,0:00,2.009
5/25/2019,1:00,1.928
5/25/2019,2:00,1.956
5/25/2019,3:00,1.931
5/25/2019,4:00,1.918
5/25/2019,5:00,1.901
5/25/2019,6:00,1.833
5/25/2019,7:00,1.724
5/25/2019,8:00,1.686
5/25/2019,9:00,1.486
5/25/2019,10:00,1.462
5/25/2019,11:00,1.448
5/25/2019,12:00,1.304
5/25/2019,13:00,1.255
5/25/2019,14:00,1.372
5/25/2019,15:00,1.37
5/25/2019,16:00,1.532
5/25/2019,17:00,1.565
5/25/2019,18:00,1.808
5/25/2019,19:00,1.914
5/25/2019,20:00,1.933
5/25/2019,21:00,1.923
5/25/2019,22:00,1.818
5/25/2019,23:00,1.805
5/26/2019,0:00,1.86
5/26/2019,1:00,1.857
5/26/2019,2:00,1.769
5/26/2019,3:00,1.828
5/26/2019,4:00,1.833
5/26/2019,5:00,1.802
5/26/2019,6:00,1.762
5/26/2019,7:00,1.767
5/26/2019,8:00,1.65
5/26/2019,9:00,1.607
6/10/2019,12:00,1.284
6/10/2019,13:00,1.262
6/10/2019,14:00,1.297
6/10/2019,15:00,1.382
6/10/2019,16:00,1.514
6/10/2019,17:00,1.527
6/10/2019,18:00,1.635
6/10/2019,19:00,1.734
6/10/2019,20:00,1.767
6/10/2019,21:00,1.815
6/10/2019,22:00,1.709
6/10/2019,23:00,1.71
6/11/2019,0:00,1.66
6/11/2019,1:00,1.668
6/11/2019,2:00,1.648
6/11/2019,3:00,1.685
6/11/2019,4:00,1.645
6/11/2019,5:00,1.658
6/11/2019,6:00,1.664
6/11/2019,7:00,1.633
6/11/2019,8:00,1.642
6/11/2019,9:00,1.515
6/11/2019,10:00,1.532
6/11/2019,11:00,1.391
6/11/2019,12:00,1.451
6/11/2019,13:00,1.392
6/11/2019,14:00,1.469
6/11/2019,15:00,1.395
6/11/2019,16:00,1.453
6/11/2019,17:00,1.548
6/11/2019,18:00,1.754
6/11/2019,19:00,1.779
6/11/2019,20:00,1.859
6/11/2019,21:00,1.842
6/11/2019,22:00,1.889
6/11/2019,23:00,1.903
6/12/2019,0:00,1.73
6/12/2019,1:00,1.741
6/12/2019,2:00,1.65
6/12/2019,3:00,1.671
6/12/2019,4:00,1.754
6/12/2019,5:00,1.685
6/12/2019,6:00,1.678
6/12/2019,7:00,1.677
6/12/2019,8:00,1.637
6/12/2019,9:00,1.602
6/12/2019,10:00,1.603
6/12/2019,11:00,1.61
6/12/2019,12:00,1.548
6/12/2019,13:00,1.532
6/12/2019,14:00,1.53
6/12/2019,15:00,1.612
6/12/2019,16:00,1.508
6/12/2019,17:00,1.547
6/12/2019,18:00,1.795
6/12/2019,19:00,1.859
6/12/2019,20:00,1.85
6/12/2019,21:00,1.947
6/12/2019,22:00,1.941
6/12/2019,23:00,1.835
6/13/2019,0:00,1.755
6/13/2019,1:00,1.632
6/13/2019,2:00,1.536
6/13/2019,3:00,1.531
6/13/2019,4:00,1.48
6/13/2019,5:00,1.452
6/13/2019,6:00,1.43
6/13/2019,7:00,1.48
6/13/2019,8:00,1.41
6/13/2019,9:00,1.493
6/13/2019,10:00,1.449
6/13/2019,11:00,1.493
6/13/2019,12:00,1.441
6/13/2019,13:00,1.414
6/13/2019,14:00,1.366
6/13/2019,15:00,1.419
6/13/2019,16:00,1.623
6/13/2019,17:00,1.747
6/13/2019,18:00,1.876
6/13/2019,19:00,1.9
6/13/2019,20:00,1.942
6/13/2019,21:00,1.995
6/13/2019,22:00,1.898
6/13/2019,23:00,1.884
6/14/2019,0:00,1.78
6/14/2019,1:00,1.595
6/14/2019,2:00,1.559
6/14/2019,3:00,1.513
6/14/2019,4:00,1.335
6/14/2019,5:00,1.284
6/14/2019,6:00,1.369
6/14/2019,7:00,1.362
6/14/2019,8:00,1.351
6/14/2019,9:00,1.385
6/14/2019,10:00,1.416
6/14/2019,11:00,1.41
6/14/2019,12:00,1.548
6/14/2019,13:00,1.526
6/14/2019,14:00,1.576
6/14/2019,15:00,1.578
6/14/2019,16:00,1.713
6/14/2019,17:00,1.789
6/14/2019,18:00,1.874
6/14/2019,19:00,1.971
6/14/2019,20:00,1.971
6/14/2019,21:00,2.034
6/14/2019,22:00,1.987
6/14/2019,23:00,1.903
6/15/2019,0:00,1.829
6/15/2019,1:00,1.708
6/15/2019,2:00,1.632
6/15/2019,3:00,1.466
6/15/2019,4:00,1.458
6/15/2019,5:00,1.277
6/15/2019,6:00,1.339
6/15/2019,7:00,1.251
6/15/2019,8:00,1.297
6/15/2019,9:00,1.265
6/15/2019,10:00,1.456
6/15/2019,11:00,1.434
6/15/2019,12:00,1.543
7/11/2019,23:00,1.959
7/12/2019,0:00,1.836
7/12/2019,1:00,1.704
7/12/2019,2:00,1.588
7/12/2019,3:00,1.481
7/12/2019,4:00,1.454
7/12/2019,5:00,1.386
7/12/2019,6:00,1.394
7/12/2019,7:00,1.393
7/12/2019,8:00,1.435
7/12/2019,9:00,1.47
7/12/2019,10:00,1.512
7/12/2019,11:00,1.533
7/12/2019,12:00,1.521
7/12/2019,13:00,1.549
7/12/2019,14:00,1.549
7/12/2019,15:00,1.642
7/12/2019,16:00,1.74
7/12/2019,17:00,1.862
7/12/2019,18:00,1.952
7/12/2019,19:00,2.002
7/12/2019,20:00,2.017
7/12/2019,21:00,1.955
7/12/2019,22:00,1.947
7/12/2019,23:00,1.856
7/13/2019,0:00,1.775
7/13/2019,1:00,1.642
7/13/2019,2:00,1.474
7/13/2019,3:00,1.34
7/13/2019,4:00,1.248
7/13/2019,5:00,1.228
7/13/2019,6:00,1.198
7/13/2019,7:00,1.235
7/13/2019,8:00,1.263
7/13/2019,9:00,1.285
7/13/2019,10:00,1.411
7/13/2019,11:00,1.475
7/13/2019,12:00,1.487
7/13/2019,13:00,1.504
7/13/2019,14:00,1.519
7/13/2019,15:00,1.579
7/13/2019,16:00,1.653
7/13/2019,17:00,1.736
7/13/2019,18:00,1.91
7/13/2019,19:00,1.963
7/13/2019,20:00,1.982
7/13/2019,21:00,1.965
7/13/2019,22:00,1.897
7/13/2019,23:00,1.847
7/14/2019,0:00,1.761
7/14/2019,1:00,1.639
7/14/2019,2:00,1.527
7/14/2019,3:00,1.385
7/14/2019,4:00,1.291
7/14/2019,5:00,1.186
7/14/2019,6:00,1.129
7/14/2019,7:00,1.158
7/14/2019,8:00,1.132
7/14/2019,9:00,1.232
7/14/2019,10:00,1.305
7/14/2019,11:00,1.466
7/14/2019,12:00,1.503
7/14/2019,13:00,1.562
7/14/2019,14:00,1.437
7/14/2019,15:00,1.638
7/14/2019,16:00,1.665
7/14/2019,17:00,1.761
7/14/2019,18:00,1.848
7/14/2019,19:00,1.951
7/14/2019,20:00,1.991
7/14/2019,21:00,2.009
7/14/2019,22:00,1.963
7/14/2019,23:00,1.908
7/15/2019,0:00,1.834
7/15/2019,1:00,1.76
7/15/2019,2:00,1.639
7/15/2019,3:00,1.537
7/15/2019,4:00,1.384
7/15/2019,5:00,1.276
7/15/2019,6:00,1.175
7/15/2019,7:00,1.17
7/15/2019,8:00,1.134
7/15/2019,9:00,1.167
7/15/2019,10:00,1.297
7/15/2019,11:00,1.383
7/15/2019,12:00,1.417
7/15/2019,13:00,1.541
9/11/2019,6:00,1.196
9/11/2019,7:00,1.193
9/11/2019,8:00,1.231
9/11/2019,9:00,1.289
9/11/2019,10:00,1.388
9/11/2019,11:00,1.481
9/11/2019,12:00,1.513
9/11/2019,13:00,1.526
9/11/2019,14:00,1.523
9/11/2019,15:00,1.548
9/11/2019,16:00,1.594
9/11/2019,17:00,1.653
10/3/2019,18:00,1.693
10/3/2019,19:00,1.624
10/3/2019,20:00,1.589
10/3/2019,21:00,1.464
10/3/2019,22:00,1.403
10/3/2019,23:00,1.323
10/4/2019,0:00,1.262
10/4/2019,1:00,1.213
10/4/2019,2:00,1.176
10/4/2019,3:00,1.255
10/4/2019,4:00,1.317
10/4/2019,5:00,1.354
10/4/2019,6:00,1.457
10/4/2019,7:00,1.545
10/4/2019,8:00,1.557
10/4/2019,9:00,1.612
10/4/2019,10:00,1.622
10/4/2019,11:00,1.707
10/4/2019,12:00,1.787
10/4/2019,13:00,1.831
10/4/2019,14:00,1.875
10/4/2019,15:00,1.887
10/4/2019,16:00,1.9
10/4/2019,17:00,1.885
10/4/2019,18:00,1.796
10/4/2019,19:00,1.753
10/4/2019,20:00,1.664
10/4/2019,21:00,1.579
10/4/2019,22:00,1.383
10/4/2019,23:00,1.293
10/5/2019,0:00,1.203
10/5/2019,1:00,1.129
10/5/2019,2:00,1.099
10/5/2019,3:00,1.158
10/5/2019,4:00,1.201
10/5/2019,5:00,1.358
10/5/2019,6:00,1.441
10/5/2019,7:00,1.512
10/5/2019,8:00,1.556
10/5/2019,9:00,1.603
10/5/2019,10:00,1.604
10/5/2019,11:00,1.597
10/5/2019,12:00,1.668
10/5/2019,13:00,1.739
10/5/2019,14:00,1.789
10/5/2019,15:00,1.813
10/5/2019,16:00,1.86
10/5/2019,17:00,1.901
10/5/2019,18:00,1.852
10/5/2019,19:00,1.8
10/5/2019,20:00,1.711
10/5/2019,21:00,1.632
10/5/2019,22:00,1.511
10/5/2019,23:00,1.391
10/6/2019,0:00,1.265
10/6/2019,1:00,1.204
10/6/2019,2:00,1.131
10/6/2019,3:00,1.107
10/6/2019,4:00,1.138
10/6/2019,5:00,1.279
10/6/2019,6:00,1.413
10/6/2019,7:00,1.498
10/6/2019,8:00,1.587
10/6/2019,9:00,1.635
10/6/2019,10:00,1.625
10/6/2019,11:00,1.648
10/6/2019,12:00,1.701
10/6/2019,13:00,1.761
10/6/2019,14:00,1.796
10/6/2019,15:00,1.875
10/6/2019,16:00,1.9
10/6/2019,17:00,1.907
10/6/2019,18:00,1.957
10/6/2019,19:00,1.893
10/6/2019,20:00,1.83
10/6/2019,21:00,1.748
10/6/2019,22:00,1.609
10/6/2019,23:00,1.494
10/7/2019,0:00,1.361
10/7/2019,1:00,1.239
10/7/2019,2:00,1.183
10/7/2019,3:00,1.164
10/7/2019,4:00,1.172
10/7/2019,5:00,1.266
10/7/2019,6:00,1.394
10/7/2019,7:00,1.478
10/7/2019,8:00,1.542
10/7/2019,9:00,1.615
10/7/2019,10:00,1.662
10/7/2019,11:00,1.608
10/7/2019,12:00,1.655
10/7/2019,13:00,1.652
10/7/2019,14:00,1.693
10/7/2019,15:00,1.575
10/7/2019,16:00,1.744
10/7/2019,17:00,1.74
10/7/2019,18:00,1.792
10/7/2019,19:00,1.777
10/7/2019,20:00,1.748
10/7/2019,21:00,1.697
10/7/2019,22:00,1.579
10/7/2019,23:00,1.494
10/8/2019,0:00,1.373
10/8/2019,1:00,1.228
10/8/2019,2:00,1.127
10/8/2019,3:00,1.079
10/8/2019,4:00,1.084
10/8/2019,5:00,1.125
10/8/2019,6:00,1.258
10/8/2019,7:00,1.361
10/8/2019,8:00,1.508
10/8/2019,9:00,1.561
10/8/2019,10:00,1.634
10/8/2019,11:00,1.607
10/8/2019,12:00,1.597
10/8/2019,13:00,1.583
10/8/2019,14:00,1.621
10/8/2019,15:00,1.656
10/8/2019,16:00,1.7
10/8/2019,17:00,1.755
10/8/2019,18:00,1.793
10/8/2019,19:00,1.802
10/8/2019,20:00,1.791
10/8/2019,21:00,1.72
10/8/2019,22:00,1.652
10/8/2019,23:00,1.569
10/9/2019,0:00,1.463
10/9/2019,1:00,1.345
10/9/2019,2:00,1.276
10/9/2019,3:00,1.203
10/9/2019,4:00,1.235
10/9/2019,5:00,1.261
10/9/2019,6:00,1.382
10/9/2019,7:00,1.448
10/9/2019,8:00,1.514
10/9/2019,9:00,1.612
10/9/2019,10:00,1.668
10/9/2019,11:00,1.646
10/9/2019,12:00,1.636
10/9/2019,13:00,1.622
10/9/2019,14:00,1.619
10/9/2019,15:00,1.67
10/9/2019,16:00,1.676
10/9/2019,17:00,1.713
10/9/2019,18:00,1.74
10/9/2019,19:00,1.75
10/9/2019,20:00,1.72
10/9/2019,21:00,1.666
10/9/2019,22:00,1.605
10/9/2019,23:00,1.522
10/10/2019,0:00,1.43
10/10/2019,1:00,1.349
10/10/2019,2:00,1.299
10/10/2019,3:00,1.273
10/10/2019,4:00,1.248
10/10/2019,5:00,1.272
10/10/2019,6:00,1.35
10/10/2019,7:00,1.448
10/10/2019,8:00,1.514
10/10/2019,9:00,1.587
10/10/2019,10:00,1.621
10/10/2019,11:00,1.64
10/10/2019,12:00,1.638
10/10/2019,13:00,1.597
10/10/2019,14:00,1.584
10/10/2019,15:00,1.608
10/10/2019,16:00,1.641
10/10/2019,17:00,1.688
10/10/2019,18:00,1.699
10/10/2019,19:00,1.698
10/10/2019,20:00,1.705
10/10/2019,21:00,1.691
10/10/2019,22:00,1.647
10/10/2019,23:00,1.583
10/11/2019,0:00,1.539
10/11/2019,1:00,1.472
10/11/2019,2:00,1.417
10/11/2019,3:00,1.356
10/11/2019,4:00,1.337
10/21/2019,3:00,1.191
10/21/2019,4:00,1.324
10/21/2019,5:00,1.401
10/21/2019,6:00,1.51
10/21/2019,7:00,1.588
10/21/2019,8:00,1.667
10/21/2019,9:00,1.739
10/21/2019,10:00,1.799
10/21/2019,11:00,1.842
10/21/2019,12:00,1.913
10/21/2019,13:00,1.98
10/21/2019,14:00,2.022
10/21/2019,15:00,2.043
10/21/2019,16:00,2.006
10/21/2019,17:00,1.993
10/21/2019,18:00,1.912
10/21/2019,19:00,1.839
10/21/2019,20:00,1.727
10/21/2019,21:00,1.599
10/21/2019,22:00,1.456
10/21/2019,23:00,1.368
10/22/2019,0:00,1.246
10/22/2019,1:00,1.197
10/22/2019,2:00,1.135
10/22/2019,3:00,1.166
10/22/2019,4:00,1.259
10/22/2019,5:00,1.408
10/22/2019,6:00,1.507
10/22/2019,7:00,1.55
10/22/2019,8:00,1.612
10/22/2019,9:00,1.685
10/22/2019,10:00,1.693
10/22/2019,11:00,1.746
10/22/2019,12:00,1.796
10/22/2019,13:00,1.881
10/22/2019,14:00,1.934
10/22/2019,15:00,1.966
10/22/2019,16:00,2.005
10/22/2019,17:00,2.037
10/22/2019,18:00,2.031
10/22/2019,19:00,1.944
10/22/2019,20:00,1.844
10/22/2019,21:00,1.746
10/22/2019,22:00,1.592
10/22/2019,23:00,1.486
10/23/2019,0:00,1.323
10/23/2019,1:00,1.212
10/23/2019,2:00,1.133
10/23/2019,3:00,1.161
10/23/2019,4:00,1.206
10/23/2019,5:00,1.357
10/23/2019,6:00,1.436
10/23/2019,7:00,1.557
10/23/2019,8:00,1.558
10/23/2019,9:00,1.601
10/23/2019,10:00,1.622
10/23/2019,11:00,1.62
10/23/2019,12:00,1.648
10/23/2019,13:00,1.656
10/23/2019,14:00,1.708
10/23/2019,15:00,1.777
10/23/2019,16:00,1.819
10/23/2019,17:00,1.897
10/23/2019,18:00,1.917
10/23/2019,19:00,1.904
10/23/2019,20:00,1.821
10/23/2019,21:00,1.75
10/23/2019,22:00,1.63
10/23/2019,23:00,1.496
10/24/2019,0:00,1.329
10/24/2019,1:00,1.225
10/24/2019,2:00,1.136
10/24/2019,3:00,1.115
10/24/2019,4:00,1.176
10/24/2019,5:00,1.259
10/24/2019,6:00,1.38
10/24/2019,7:00,1.518
10/24/2019,8:00,1.6
10/24/2019,9:00,1.621
10/24/2019,10:00,1.607
10/24/2019,11:00,1.595
10/24/2019,12:00,1.605
10/24/2019,13:00,1.624
10/24/2019,14:00,1.649
10/24/2019,15:00,1.695
10/24/2019,16:00,1.725
10/24/2019,17:00,1.81
10/24/2019,18:00,1.875
10/24/2019,19:00,1.914
10/24/2019,20:00,1.861
10/24/2019,21:00,1.794
10/24/2019,22:00,1.696
10/24/2019,23:00,1.592
10/25/2019,0:00,1.499
10/25/2019,1:00,1.371
10/25/2019,2:00,1.258
10/25/2019,3:00,1.233
10/25/2019,4:00,1.264
10/25/2019,5:00,1.316
10/25/2019,6:00,1.435
10/25/2019,7:00,1.57
10/25/2019,8:00,1.651
10/25/2019,9:00,1.71
10/25/2019,10:00,1.729
10/25/2019,11:00,1.701
10/25/2019,12:00,1.639
10/25/2019,13:00,1.6
10/25/2019,14:00,1.616
10/25/2019,15:00,1.673
10/25/2019,16:00,1.7
10/25/2019,17:00,1.735
10/25/2019,18:00,1.84
10/25/2019,19:00,1.856
10/25/2019,20:00,1.876
10/25/2019,21:00,1.833
10/25/2019,22:00,1.74
10/25/2019,23:00,1.686
10/26/2019,0:00,1.578
10/26/2019,1:00,1.48
10/26/2019,2:00,1.397
10/26/2019,3:00,1.351
10/26/2019,4:00,1.344
10/26/2019,5:00,1.405
10/26/2019,6:00,1.469
10/26/2019,7:00,1.613
10/26/2019,8:00,1.703
10/26/2019,9:00,1.726
10/26/2019,10:00,1.74
10/26/2019,11:00,1.705
10/26/2019,12:00,1.642
10/26/2019,13:00,1.617
10/26/2019,14:00,1.561
10/26/2019,15:00,1.609
10/26/2019,16:00,1.556
10/26/2019,17:00,1.602
10/26/2019,18:00,1.637
10/26/2019,19:00,1.651
10/26/2019,20:00,1.701
10/26/2019,21:00,1.725
10/26/2019,22:00,1.647
10/26/2019,23:00,1.574
10/27/2019,0:00,1.492
10/27/2019,1:00,1.432
10/27/2019,2:00,1.369
10/27/2019,3:00,1.349
10/27/2019,4:00,1.382
10/27/2019,5:00,1.42
10/27/2019,6:00,1.493
10/27/2019,7:00,1.625
10/27/2019,8:00,1.751
10/27/2019,9:00,1.809
10/27/2019,10:00,1.83
10/27/2019,11:00,1.765
10/27/2019,12:00,1.722
10/27/2019,13:00,1.672
10/27/2019,14:00,1.606
10/27/2019,15:00,1.548
10/27/2019,16:00,1.511
10/27/2019,17:00,1.444
10/27/2019,18:00,1.436
10/27/2019,19:00,1.441
10/27/2019,20:00,1.529
10/27/2019,21:00,1.544
10/27/2019,22:00,1.557
10/27/2019,23:00,1.535
10/28/2019,0:00,1.494
10/28/2019,1:00,1.439
10/28/2019,2:00,1.417
10/28/2019,3:00,1.384
10/28/2019,4:00,1.414
10/28/2019,5:00,1.47
10/28/2019,6:00,1.54
10/28/2019,7:00,1.671
10/28/2019,8:00,1.784
10/28/2019,9:00,1.916
10/28/2019,10:00,1.92
10/28/2019,11:00,1.888
10/28/2019,12:00,1.817
10/28/2019,13:00,1.747
10/28/2019,14:00,1.688
10/28/2019,15:00,1.593
11/24/2019,6:00,1.764
11/24/2019,7:00,1.833
11/24/2019,8:00,1.886
11/24/2019,9:00,1.917
11/24/2019,10:00,1.892
11/24/2019,11:00,1.839
11/24/2019,12:00,1.781
11/24/2019,13:00,1.695
11/24/2019,14:00,1.642
11/24/2019,15:00,1.526
11/24/2019,16:00,1.492
11/24/2019,17:00,1.39
11/24/2019,18:00,1.367
11/24/2019,19:00,1.379
11/24/2019,20:00,1.347
11/24/2019,21:00,1.376
11/24/2019,22:00,1.37
11/24/2019,23:00,1.377
11/25/2019,0:00,1.331
11/25/2019,1:00,1.301
11/25/2019,2:00,1.367
11/25/2019,3:00,1.384
11/25/2019,4:00,1.471
11/25/2019,5:00,1.542
11/25/2019,6:00,1.716
11/25/2019,7:00,1.81
11/25/2019,8:00,1.892
11/25/2019,9:00,1.889
11/25/2019,10:00,1.89
11/25/2019,11:00,1.82
11/25/2019,12:00,1.76
11/25/2019,13:00,1.66
11/25/2019,14:00,1.564
11/25/2019,15:00,1.47
11/25/2019,16:00,1.318
11/25/2019,17:00,1.227
11/25/2019,18:00,1.206
11/25/2019,19:00,1.247
11/25/2019,20:00,1.238
11/25/2019,21:00,1.277
11/25/2019,22:00,1.3
11/25/2019,23:00,1.314
11/26/2019,0:00,1.32
11/26/2019,1:00,1.326
11/26/2019,2:00,1.361
11/26/2019,3:00,1.461
11/26/2019,4:00,1.533
11/26/2019,5:00,1.618
11/26/2019,6:00,1.776
11/26/2019,7:00,1.904
11/26/2019,8:00,1.979
11/26/2019,9:00,2.027
11/26/2019,10:00,2.05
11/26/2019,11:00,1.985
11/26/2019,12:00,1.884
11/26/2019,13:00,1.777
11/26/2019,14:00,1.664
11/26/2019,15:00,1.525
11/26/2019,16:00,1.399
11/26/2019,17:00,1.3
11/26/2019,18:00,1.204
11/26/2019,19:00,1.181
11/26/2019,20:00,1.175
11/26/2019,21:00,1.246
11/26/2019,22:00,1.252
11/26/2019,23:00,1.287
11/27/2019,0:00,1.276
11/27/2019,1:00,1.313
11/27/2019,2:00,1.349
11/27/2019,3:00,1.413
11/27/2019,4:00,1.54
11/27/2019,5:00,1.647
11/27/2019,6:00,1.739
11/27/2019,7:00,1.833
11/27/2019,8:00,1.95
11/27/2019,9:00,2.027
11/27/2019,10:00,2.041
11/27/2019,11:00,1.992
11/27/2019,12:00,1.904
11/27/2019,13:00,1.733
11/27/2019,14:00,1.583
11/27/2019,15:00,1.448
11/27/2019,16:00,1.368
11/27/2019,17:00,1.225
11/27/2019,18:00,1.147
11/27/2019,19:00,1.074
12/14/2019,23:00,1.112
12/15/2019,0:00,1.151
12/15/2019,1:00,1.201
12/15/2019,2:00,1.251
12/15/2019,3:00,1.334
12/15/2019,4:00,1.408
12/15/2019,5:00,1.519
12/15/2019,6:00,1.637
12/15/2019,7:00,1.717
12/15/2019,8:00,1.798
12/15/2019,9:00,1.906
12/15/2019,10:00,1.984
12/15/2019,11:00,2.022
12/15/2019,12:00,2.019
12/15/2019,13:00,1.972
12/15/2019,14:00,1.827
12/15/2019,15:00,1.68
12/15/2019,16:00,1.522
12/15/2019,17:00,1.352
12/15/2019,18:00,1.242
12/15/2019,19:00,1.081
12/15/2019,20:00,1.067
12/15/2019,21:00,1.032
12/15/2019,22:00,1.065
12/15/2019,23:00,1.081
12/16/2019,0:00,1.135
12/16/2019,1:00,1.169
12/16/2019,2:00,1.23
12/16/2019,3:00,1.301
12/16/2019,4:00,1.373
12/16/2019,5:00,1.444
12/16/2019,6:00,1.605
12/16/2019,7:00,1.693
12/16/2019,8:00,1.757
12/16/2019,9:00,1.867
12/16/2019,10:00,1.954
12/16/2019,11:00,1.931
12/16/2019,12:00,1.989
12/16/2019,13:00,1.939
12/16/2019,14:00,1.879
12/16/2019,15:00,1.775
12/16/2019,16:00,1.636
12/16/2019,17:00,1.515
12/16/2019,18:00,1.358
12/16/2019,19:00,1.216
12/16/2019,20:00,1.142
12/16/2019,21:00,1.14
12/16/2019,22:00,1.101
12/16/2019,23:00,1.113
12/17/2019,0:00,1.155
12/17/2019,1:00,1.194
12/17/2019,2:00,1.253
12/17/2019,3:00,1.306
12/17/2019,4:00,1.344
12/17/2019,5:00,1.453
12/17/2019,6:00,1.507
12/17/2019,7:00,1.586
12/17/2019,8:00,1.653
12/17/2019,9:00,1.749
12/17/2019,10:00,1.816
12/17/2019,11:00,1.871
12/17/2019,12:00,1.951
12/17/2019,13:00,1.946
12/17/2019,14:00,1.89
12/17/2019,15:00,1.799
12/17/2019,16:00,1.709
12/17/2019,17:00,1.543
12/17/2019,18:00,1.473
12/17/2019,19:00,1.317
12/17/2019,20:00,1.224
12/17/2019,21:00,1.151
12/17/2019,22:00,1.076
12/17/2019,23:00,1.033
12/18/2019,0:00,1.077
12/18/2019,1:00,1.089
12/18/2019,2:00,1.151
12/18/2019,3:00,1.271
12/18/2019,4:00,1.352
12/18/2019,5:00,1.429
12/18/2019,6:00,1.512
12/18/2019,7:00,1.584
12/18/2019,8:00,1.605
12/18/2019,9:00,1.626
12/18/2019,10:00,1.685
12/18/2019,11:00,1.752
12/18/2019,12:00,1.768
12/18/2019,13:00,1.827
12/18/2019,14:00,1.854
12/18/2019,15:00,1.809
12/18/2019,16:00,1.705
12/18/2019,17:00,1.627
12/18/2019,18:00,1.488
12/18/2019,19:00,1.375
12/18/2019,20:00,1.3
12/18/2019,21:00,1.235
12/18/2019,22:00,1.182
12/18/2019,23:00,1.143
12/19/2019,0:00,1.158
12/19/2019,1:00,1.174
12/19/2019,2:00,1.255
12/19/2019,3:00,1.339
12/19/2019,4:00,1.437
12/19/2019,5:00,1.558
12/19/2019,6:00,1.664
12/19/2019,7:00,1.687
12/19/2019,8:00,1.686
12/19/2019,9:00,1.75
12/19/2019,10:00,1.723
12/19/2019,11:00,1.71
12/19/2019,12:00,1.714
12/19/2019,13:00,1.673
12/19/2019,14:00,1.645
12/19/2019,15:00,1.629
12/19/2019,16:00,1.629
12/19/2019,17:00,1.618
12/19/2019,18:00,1.564
12/19/2019,19:00,1.449
12/19/2019,20:00,1.39
12/19/2019,21:00,1.34
12/19/2019,22:00,1.283
12/19/2019,23:00,1.237
12/20/2019,0:00,1.233
12/20/2019,1:00,1.234
12/20/2019,2:00,1.263
12/20/2019,3:00,1.325
12/20/2019,4:00,1.447
12/20/2019,5:00,1.551
12/20/2019,6:00,1.645
12/20/2019,7:00,1.702
12/20/2019,8:00,1.739
12/20/2019,9:00,1.718
12/20/2019,10:00,1.734
12/20/2019,11:00,1.666
12/20/2019,12:00,1.621
12/20/2019,13:00,1.557
12/20/2019,14:00,1.565
12/20/2019,15:00,1.511
12/20/2019,16:00,1.511
12/20/2019,17:00,1.513
12/20/2019,18:00,1.522
12/20/2019,19:00,1.457
12/20/2019,20:00,1.412
12/20/2019,21:00,1.392
12/20/2019,22:00,1.319
12/20/2019,23:00,1.329
12/21/2019,0:00,1.288
12/21/2019,1:00,1.312
12/21/2019,2:00,1.36
12/21/2019,3:00,1.458
12/21/2019,4:00,1.531
12/21/2019,5:00,1.69
12/21/2019,6:00,1.785
12/21/2019,7:00,1.839
12/21/2019,8:00,1.852
12/21/2019,9:00,1.849
12/21/2019,10:00,1.895
12/21/2019,11:00,1.822
12/21/2019,12:00,1.737
12/21/2019,13:00,1.651
12/21/2019,14:00,1.539
12/21/2019,15:00,1.489
12/21/2019,16:00,1.464
12/21/2019,17:00,1.457
12/21/2019,18:00,1.424
12/21/2019,19:00,1.444
12/21/2019,20:00,1.426
12/21/2019,21:00,1.38
12/21/2019,22:00,1.362
12/21/2019,23:00,1.431
12/22/2019,0:00,1.428
12/22/2019,1:00,1.389
12/22/2019,2:00,1.44
12/22/2019,3:00,1.483
12/22/2019,4:00,1.617
12/22/2019,5:00,1.745
12/22/2019,6:00,1.838
12/22/2019,7:00,1.919
12/22/2019,8:00,1.894
12/22/2019,9:00,1.875
12/22/2019,10:00,1.87
12/22/2019,11:00,1.744
12/22/2019,12:00,1.654
12/22/2019,13:00,1.598
12/22/2019,14:00,1.509
12/22/2019,15:00,1.374
12/22/2019,16:00,1.246
12/22/2019,17:00,1.242
12/25/2019,5:00,1.786
12/25/2019,6:00,1.926
12/25/2019,7:00,2.005
12/25/2019,8:00,2.115
12/25/2019,9:00,2.073
12/25/2019,10:00,2.028
12/25/2019,11:00,1.954
12/25/2019,12:00,1.809
12/25/2019,13:00,1.672
12/25/2019,14:00,1.481
1/7/2020,10:00,1.812
1/7/2020,11:00,1.707
1/7/2020,12:00,1.645
1/7/2020,13:00,1.475
1/7/2020,14:00,1.409
1/7/2020,15:00,1.25
1/7/2020,16:00,1.203
1/7/2020,17:00,1.114
1/7/2020,18:00,1.158
1/7/2020,19:00,1.159
1/7/2020,20:00,1.147
1/7/2020,21:00,1.178
1/7/2020,22:00,1.215
1/7/2020,23:00,1.247
1/8/2020,0:00,1.287
1/8/2020,1:00,1.34
1/8/2020,2:00,1.456
1/8/2020,3:00,1.503
1/8/2020,4:00,1.602
1/8/2020,5:00,1.698
1/8/2020,6:00,1.844
1/8/2020,7:00,1.91
1/8/2020,8:00,1.945
1/8/2020,9:00,1.903
1/8/2020,10:00,1.84
1/8/2020,11:00,1.808
1/8/2020,12:00,1.669
1/8/2020,13:00,1.522
1/8/2020,14:00,1.363
1/8/2020,15:00,1.241
1/8/2020,16:00,1.157
1/8/2020,17:00,1.068
1/8/2020,18:00,1.119
1/8/2020,19:00,1.18
1/8/2020,20:00,1.185
1/8/2020,21:00,1.24
1/8/2020,22:00,1.312
1/8/2020,23:00,1.312
1/9/2020,0:00,1.467
1/9/2020,1:00,1.442
1/9/2020,2:00,1.432
1/9/2020,3:00,1.524
1/9/2020,4:00,1.717
1/9/2020,5:00,1.825
1/9/2020,6:00,1.836
1/9/2020,7:00,1.954
1/9/2020,8:00,2.068
1/9/2020,9:00,2.107
1/9/2020,10:00,2.006
1/9/2020,11:00,1.927
1/9/2020,12:00,1.722
1/9/2020,13:00,1.675
1/9/2020,14:00,1.469
1/9/2020,15:00,1.321
1/9/2020,16:00,1.198
1/9/2020,17:00,1.117
1/9/2020,18:00,1.151
1/9/2020,19:00,1.144
1/9/2020,20:00,1.134
1/9/2020,21:00,1.281
1/9/2020,22:00,1.349
1/9/2020,23:00,1.223
1/10/2020,0:00,1.327
1/10/2020,1:00,1.332
1/10/2020,2:00,1.374
1/10/2020,3:00,1.459
1/10/2020,4:00,1.547
1/10/2020,5:00,1.703
1/10/2020,6:00,1.818
1/10/2020,7:00,1.919
1/10/2020,8:00,1.987
1/10/2020,9:00,2.023
1/10/2020,10:00,2.083
1/10/2020,11:00,1.952
1/10/2020,12:00,1.868
1/10/2020,13:00,1.72
1/10/2020,14:00,1.523
1/10/2020,15:00,1.321
1/10/2020,16:00,1.212
1/10/2020,17:00,1.083
1/10/2020,18:00,1.057
1/10/2020,19:00,1.064
1/10/2020,20:00,1.019
1/10/2020,21:00,1.102
1/10/2020,22:00,1.113
1/10/2020,23:00,1.137
1/11/2020,0:00,1.148
1/11/2020,1:00,1.186
1/11/2020,2:00,1.279
1/11/2020,3:00,1.348
1/11/2020,4:00,1.406
1/11/2020,5:00,1.515
1/11/2020,6:00,1.608
1/11/2020,7:00,1.715
1/11/2020,8:00,1.775
1/11/2020,9:00,1.85
1/11/2020,10:00,1.864
1/11/2020,11:00,1.768
1/11/2020,12:00,1.758
1/11/2020,13:00,1.645
1/11/2020,14:00,1.52
1/11/2020,15:00,1.361
1/11/2020,16:00,1.188
1/11/2020,17:00,1.087
1/11/2020,18:00,1.032
1/11/2020,19:00,1.022
1/11/2020,20:00,1.093
1/11/2020,21:00,1.132
1/11/2020,22:00,1.133
1/11/2020,23:00,1.109
1/12/2020,0:00,1.114
1/12/2020,1:00,1.082
1/12/2020,2:00,1.089
1/12/2020,3:00,1.159
1/12/2020,4:00,1.225
1/12/2020,5:00,1.379
1/12/2020,6:00,1.551
1/12/2020,7:00,1.628
1/12/2020,8:00,1.723
1/12/2020,9:00,1.897
1/12/2020,10:00,2.011
1/12/2020,11:00,2.006
1/12/2020,13:00,1.904
1/12/2020,14:00,1.778
1/12/2020,15:00,1.567
1/12/2020,16:00,1.449
1/12/2020,17:00,1.279
1/12/2020,18:00,1.149
1/12/2020,19:00,1.054
1/12/2020,20:00,1.075
1/12/2020,21:00,1.095
1/12/2020,22:00,1.166
1/12/2020,23:00,1.244
1/13/2020,0:00,1.192
1/13/2020,1:00,1.239
1/13/2020,2:00,1.285
1/13/2020,3:00,1.361
1/13/2020,4:00,1.417
1/13/2020,5:00,1.484
1/13/2020,6:00,1.622
1/13/2020,7:00,1.728
1/13/2020,8:00,1.793
1/13/2020,9:00,1.868
1/13/2020,10:00,1.962
1/13/2020,11:00,2.016
1/13/2020,12:00,1.953
1/13/2020,13:00,1.915
1/13/2020,14:00,1.785
1/13/2020,15:00,1.667
1/13/2020,16:00,1.512
1/13/2020,17:00,1.358
1/13/2020,18:00,1.246
1/13/2020,19:00,1.133
1/13/2020,20:00,1.081
1/13/2020,21:00,1.06
1/13/2020,22:00,1.105
1/13/2020,23:00,1.092
1/14/2020,0:00,1.173
1/14/2020,1:00,1.164
1/14/2020,2:00,1.233
1/14/2020,3:00,1.32
1/14/2020,4:00,1.34
1/14/2020,5:00,1.424
1/14/2020,6:00,1.537
1/14/2020,7:00,1.627
1/14/2020,8:00,1.718
1/14/2020,9:00,1.804
1/14/2020,10:00,1.902
1/14/2020,11:00,1.914
1/14/2020,12:00,1.968
1/14/2020,13:00,1.944
1/14/2020,14:00,1.803
1/14/2020,15:00,1.747
1/14/2020,16:00,1.638
1/14/2020,17:00,1.512
1/14/2020,18:00,1.368
1/14/2020,19:00,1.294
1/14/2020,20:00,1.156
1/14/2020,21:00,1.15
1/14/2020,22:00,1.196
1/14/2020,23:00,1.232
1/15/2020,0:00,1.261
1/15/2020,1:00,1.349
1/15/2020,2:00,1.383
1/15/2020,3:00,1.415
1/15/2020,4:00,1.46
1/15/2020,5:00,1.5
1/15/2020,6:00,1.568
1/15/2020,7:00,1.639
1/15/2020,8:00,1.703
1/15/2020,9:00,1.79
1/29/2020,21:00,1.366
1/29/2020,22:00,1.403
1/29/2020,23:00,1.537
1/30/2020,0:00,1.492
1/30/2020,1:00,1.392
1/30/2020,2:00,1.452
1/30/2020,3:00,1.49
1/30/2020,4:00,1.505
1/30/2020,5:00,1.648
1/30/2020,6:00,1.655
1/30/2020,7:00,1.785
1/30/2020,8:00,1.826
1/30/2020,9:00,1.82
1/30/2020,10:00,1.786
1/30/2020,11:00,1.75
1/30/2020,12:00,1.761
1/30/2020,13:00,1.673
1/30/2020,14:00,1.545
1/30/2020,15:00,1.515
1/30/2020,16:00,1.489
1/30/2020,17:00,1.322
1/30/2020,18:00,1.286
1/30/2020,19:00,1.279
1/30/2020,20:00,1.259
1/30/2020,21:00,1.284
1/30/2020,22:00,1.237
1/30/2020,23:00,1.315
1/31/2020,0:00,1.314
1/31/2020,1:00,1.355
1/31/2020,2:00,1.401
1/31/2020,3:00,1.466
1/31/2020,4:00,1.515
1/31/2020,5:00,1.602
1/31/2020,6:00,1.667
1/31/2020,7:00,1.702
1/31/2020,8:00,1.726
1/31/2020,9:00,1.771
1/31/2020,10:00,1.681
1/31/2020,11:00,1.682
1/31/2020,12:00,1.698
1/31/2020,13:00,1.678
1/31/2020,14:00,1.584
1/31/2020,15:00,1.624
1/31/2020,16:00,1.499
1/31/2020,17:00,1.45
1/31/2020,18:00,1.372
1/31/2020,19:00,1.386
1/31/2020,20:00,1.376
1/31/2020,21:00,1.438
1/31/2020,22:00,1.454
1/31/2020,23:00,1.551
2/1/2020,0:00,1.639
2/1/2020,1:00,1.622
2/1/2020,2:00,1.668
2/1/2020,3:00,1.698
2/1/2020,4:00,1.714
2/1/2020,5:00,1.787
2/1/2020,6:00,1.854
2/1/2020,7:00,1.841
2/1/2020,8:00,1.845
2/1/2020,9:00,1.864
2/1/2020,10:00,1.849
2/1/2020,11:00,1.771
2/1/2020,12:00,1.71
2/1/2020,13:00,1.658
2/1/2020,14:00,1.583
2/1/2020,15:00,1.53
2/1/2020,16:00,1.471
2/1/2020,17:00,1.457
2/1/2020,18:00,1.444
2/1/2020,19:00,1.459
2/1/2020,20:00,1.49
2/1/2020,21:00,1.517
2/1/2020,22:00,1.503
2/1/2020,23:00,1.563
2/2/2020,0:00,1.703
2/2/2020,1:00,1.663
2/2/2020,2:00,1.657
2/2/2020,3:00,1.732
2/2/2020,4:00,1.8
2/2/2020,5:00,1.809
2/2/2020,6:00,1.828
2/2/2020,7:00,1.846
2/2/2020,8:00,1.886
2/2/2020,9:00,1.802
2/2/2020,10:00,1.77
2/2/2020,11:00,1.712
2/2/2020,12:00,1.606
2/2/2020,13:00,1.549
2/2/2020,14:00,1.482
3/3/2020,6:00,1.863
3/3/2020,7:00,1.78
3/3/2020,8:00,1.741
3/3/2020,9:00,1.627
3/3/2020,10:00,1.554
3/3/2020,11:00,1.404
3/3/2020,12:00,1.374
3/3/2020,13:00,1.301
3/3/2020,14:00,1.265
3/3/2020,15:00,1.252
3/3/2020,16:00,1.269
3/3/2020,17:00,1.289
3/3/2020,18:00,1.351
3/3/2020,19:00,1.401
3/3/2020,20:00,1.454
3/3/2020,21:00,1.498
3/3/2020,22:00,1.548
3/3/2020,23:00,1.587
3/4/2020,0:00,1.586
3/4/2020,1:00,1.608
3/4/2020,2:00,1.687
3/4/2020,3:00,1.742
3/4/2020,4:00,1.807
3/4/2020,5:00,1.847
3/4/2020,6:00,1.85
3/4/2020,7:00,1.827
3/4/2020,8:00,1.768
3/4/2020,9:00,1.682
3/4/2020,10:00,1.593
3/4/2020,11:00,1.481
3/4/2020,12:00,1.379
3/4/2020,13:00,1.209
3/4/2020,14:00,1.182
3/4/2020,15:00,1.09
3/4/2020,16:00,1.124
3/4/2020,17:00,1.126
3/4/2020,18:00,1.2
3/4/2020,19:00,1.247
3/4/2020,20:00,1.309
3/4/2020,21:00,1.376
3/4/2020,22:00,1.426
3/4/2020,23:00,1.474
3/5/2020,0:00,1.528
3/5/2020,1:00,1.499
3/5/2020,2:00,1.558
3/5/2020,3:00,1.614
3/5/2020,4:00,1.773
3/5/2020,5:00,1.792
3/5/2020,6:00,1.797
3/5/2020,7:00,1.843
3/5/2020,8:00,1.755
3/5/2020,9:00,1.712
3/5/2020,10:00,1.597
3/5/2020,11:00,1.473
3/5/2020,12:00,1.248
3/5/2020,13:00,1.173
3/5/2020,14:00,1.126
3/5/2020,15:00,1.107
3/5/2020,16:00,1.089
3/5/2020,17:00,1.112
3/5/2020,18:00,1.143
3/5/2020,19:00,1.204
3/5/2020,20:00,1.223
3/5/2020,21:00,1.312
3/5/2020,22:00,1.34
3/5/2020,23:00,1.353
3/6/2020,0:00,1.409
3/6/2020,1:00,1.449
3/6/2020,2:00,1.469
3/6/2020,3:00,1.544
3/6/2020,4:00,1.618
3/6/2020,5:00,1.747
3/6/2020,6:00,1.801
3/6/2020,7:00,1.793
3/6/2020,8:00,1.829
3/6/2020,9:00,1.738
3/6/2020,10:00,1.683
3/6/2020,11:00,1.544
3/6/2020,12:00,1.407
3/6/2020,13:00,1.277
3/6/2020,14:00,1.104
3/6/2020,15:00,1.097
3/6/2020,16:00,1.044
3/6/2020,17:00,1.019
3/6/2020,18:00,1.132
3/6/2020,19:00,1.213
3/6/2020,20:00,1.273
3/6/2020,21:00,1.356
3/6/2020,22:00,1.447
3/6/2020,23:00,1.486
3/7/2020,0:00,1.437
3/7/2020,1:00,1.494
3/7/2020,2:00,1.491
3/7/2020,3:00,1.569
3/7/2020,4:00,1.654
3/7/2020,5:00,1.754
3/7/2020,6:00,1.849
3/7/2020,7:00,1.98
3/7/2020,8:00,1.907
3/7/2020,9:00,1.892
3/7/2020,10:00,1.84
3/7/2020,11:00,1.711
3/7/2020,12:00,1.553
3/7/2020,13:00,1.331
3/7/2020,14:00,1.209
3/7/2020,15:00,1.106
3/7/2020,16:00,1.048
3/7/2020,17:00,1.132
3/7/2020,18:00,1.141
3/7/2020,19:00,1.178
3/7/2020,20:00,1.291
3/7/2020,21:00,1.344
3/7/2020,22:00,1.39
3/7/2020,23:00,1.415
3/8/2020,0:00,1.418
3/8/2020,1:00,1.464
3/8/2020,2:00,1.452
3/8/2020,3:00,1.541
3/8/2020,4:00,1.597
3/8/2020,5:00,1.669
3/8/2020,6:00,1.773
3/8/2020,7:00,1.849
3/8/2020,8:00,1.884
3/8/2020,9:00,1.866
3/8/2020,10:00,1.828
3/8/2020,11:00,1.774
3/8/2020,12:00,1.637
3/8/2020,13:00,1.477
3/8/2020,14:00,1.329
3/8/2020,15:00,1.184
3/8/2020,16:00,1.103
3/8/2020,17:00,1.122
3/8/2020,18:00,1.053
3/8/2020,19:00,1.158
3/8/2020,20:00,1.246
3/8/2020,21:00,1.321
3/8/2020,22:00,1.368
3/8/2020,23:00,1.388
3/9/2020,0:00,1.369
3/9/2020,1:00,1.362
3/9/2020,2:00,1.325
3/9/2020,3:00,1.371
3/9/2020,4:00,1.481
3/9/2020,5:00,1.597
3/9/2020,6:00,1.652
3/9/2020,7:00,1.745
3/9/2020,8:00,1.886
3/9/2020,9:00,1.893
3/9/2020,10:00,1.895
3/9/2020,11:00,1.868
3/9/2020,12:00,1.719
3/9/2020,13:00,1.605
3/9/2020,14:00,1.451
3/9/2020,15:00,1.315
3/9/2020,16:00,1.168
3/9/2020,17:00,1.108
3/9/2020,18:00,1.11
3/9/2020,19:00,1.163
3/9/2020,20:00,1.298
4/12/2020,0:00,1.351
4/12/2020,1:00,1.351
4/12/2020,2:00,1.351
4/12/2020,3:00,1.351
4/12/2020,4:00,1.778
4/12/2020,5:00,1.763
4/12/2020,6:00,1.763
4/12/2020,7:00,1.724
4/12/2020,8:00,1.354
4/12/2020,9:00,1.309
4/12/2020,10:00,1.309
4/12/2020,11:00,1.309
4/12/2020,12:00,1.309
4/12/2020,13:00,1.267
4/12/2020,14:00,1.253
4/12/2020,15:00,1.256
4/15/2020,15:00,1.2
4/15/2020,16:00,1.267
4/15/2020,17:00,1.373
4/15/2020,18:00,1.569
4/15/2020,19:00,1.594
4/15/2020,20:00,1.594
4/15/2020,21:00,1.595
4/15/2020,22:00,1.595
4/15/2020,23:00,1.595
4/16/2020,0:00,1.712
4/16/2020,1:00,1.718
4/16/2020,2:00,1.733
4/16/2020,3:00,1.752
4/16/2020,4:00,1.751
4/16/2020,5:00,1.751
4/16/2020,6:00,1.764
4/16/2020,7:00,1.764
4/16/2020,8:00,1.764
4/16/2020,9:00,1.748
4/16/2020,10:00,1.748
4/16/2020,11:00,1.748
4/16/2020,12:00,1.748
4/17/2020,14:00,1.858
4/17/2020,15:00,1.858
4/17/2020,16:00,1.858
4/17/2020,17:00,1.858
4/17/2020,18:00,1.858
4/17/2020,19:00,1.858
4/17/2020,20:00,1.671
4/17/2020,21:00,1.68
4/17/2020,22:00,1.715
4/17/2020,23:00,1.702
4/18/2020,0:00,1.64
4/18/2020,1:00,1.629
4/18/2020,2:00,1.592
4/18/2020,3:00,1.648
4/18/2020,4:00,1.66
4/18/2020,5:00,1.643
4/18/2020,6:00,1.709
4/18/2020,7:00,1.733
4/18/2020,8:00,1.693
4/18/2020,9:00,1.639
4/18/2020,10:00,1.55
4/18/2020,11:00,1.542
4/18/2020,12:00,1.497
4/18/2020,13:00,1.471
4/18/2020,14:00,1.471
4/18/2020,15:00,1.471
4/18/2020,16:00,1.471
4/18/2020,17:00,1.471
4/18/2020,18:00,1.471
4/18/2020,19:00,1.471
4/18/2020,20:00,1.471
4/18/2020,21:00,1.471
4/18/2020,22:00,1.471
4/18/2020,23:00,1.691
4/19/2020,0:00,1.713
4/19/2020,1:00,1.713
4/19/2020,2:00,1.713
4/19/2020,3:00,1.713
4/19/2020,4:00,1.713
4/19/2020,5:00,1.713
4/19/2020,6:00,1.713
4/19/2020,7:00,1.713
4/19/2020,8:00,1.692
4/19/2020,9:00,1.573
4/19/2020,10:00,1.505
4/19/2020,11:00,1.462
4/19/2020,12:00,1.459
4/19/2020,13:00,1.366
4/19/2020,14:00,1.319
4/19/2020,15:00,1.262
4/19/2020,16:00,1.248
4/19/2020,17:00,1.248
4/19/2020,18:00,1.248
4/19/2020,19:00,1.248
4/19/2020,20:00,1.558
4/19/2020,21:00,1.558
4/19/2020,22:00,1.558
4/19/2020,23:00,1.558
4/20/2020,0:00,1.558
4/20/2020,1:00,1.558
4/20/2020,2:00,1.516
4/20/2020,3:00,1.516
4/20/2020,4:00,1.516
4/20/2020,5:00,1.516
4/20/2020,6:00,1.562
4/20/2020,7:00,1.569
4/20/2020,8:00,1.589
4/20/2020,9:00,1.599
4/20/2020,10:00,1.564
4/20/2020,11:00,1.547
4/20/2020,12:00,1.533
4/20/2020,13:00,1.533
4/20/2020,14:00,1.472
4/20/2020,15:00,1.445
4/20/2020,16:00,1.447
4/20/2020,17:00,1.471
4/20/2020,18:00,1.519
4/20/2020,19:00,1.638
4/20/2020,20:00,1.729
4/20/2020,21:00,1.787
4/20/2020,22:00,1.772
4/20/2020,23:00,1.788
4/21/2020,0:00,1.759
4/21/2020,1:00,1.707
4/21/2020,2:00,1.689
4/21/2020,3:00,1.683
4/21/2020,4:00,1.684
4/21/2020,5:00,1.594
4/21/2020,6:00,1.589
4/21/2020,7:00,1.581
4/21/2020,8:00,1.567
4/21/2020,9:00,1.594
4/21/2020,10:00,1.582
4/21/2020,11:00,1.565
4/21/2020,12:00,1.516
4/21/2020,13:00,1.445
4/21/2020,14:00,1.432
4/21/2020,15:00,1.395
4/21/2020,16:00,1.453
4/21/2020,17:00,1.488
4/21/2020,18:00,1.556
4/21/2020,19:00,1.667
4/21/2020,20:00,1.762
4/21/2020,21:00,1.787
4/21/2020,22:00,1.814
4/21/2020,23:00,1.818
4/23/2020,11:00,1.559
4/23/2020,12:00,1.559
4/23/2020,13:00,1.559
6/11/2020,10:00,1.33
6/11/2020,11:00,1.261
6/11/2020,12:00,1.213
6/11/2020,13:00,1.259
6/11/2020,14:00,1.296
6/11/2020,15:00,1.386
6/11/2020,16:00,1.528
6/11/2020,17:00,1.674
6/11/2020,18:00,1.753
6/11/2020,19:00,1.826
6/11/2020,20:00,1.878
6/11/2020,21:00,1.907
6/11/2020,22:00,1.883
6/11/2020,23:00,1.854
6/12/2020,0:00,1.845
6/12/2020,1:00,1.806
6/12/2020,2:00,1.799
6/12/2020,3:00,1.779
6/12/2020,4:00,1.737
6/12/2020,5:00,1.706
6/12/2020,6:00,1.667
6/12/2020,7:00,1.567
6/12/2020,8:00,1.456
6/12/2020,9:00,1.438
6/12/2020,10:00,1.356
6/12/2020,11:00,1.29
6/12/2020,12:00,1.264
6/12/2020,13:00,1.277
6/12/2020,14:00,1.305
6/23/2020,12:00,1.278
6/23/2020,13:00,1.341
6/23/2020,14:05,1.455
6/23/2020,15:05,1.481
6/23/2020,16:00,1.558
6/23/2020,17:00,1.645
6/23/2020,18:00,1.698
6/23/2020,19:00,1.781
6/23/2020,20:00,1.86
6/23/2020,21:00,1.947
6/23/2020,22:10,1.989
6/23/2020,23:00,2.006
6/24/2020,0:00,1.958
6/24/2020,1:00,1.887
6/24/2020,2:00,1.827
6/24/2020,3:00,1.73
6/24/2020,4:00,1.62
6/24/2020,5:00,1.485
6/24/2020,6:00,1.374
6/24/2020,7:00,1.274
6/24/2020,8:00,1.149
6/24/2020,9:00,1.093
6/24/2020,10:00,1.121
6/24/2020,11:00,1.144
6/24/2020,12:00,1.157
6/24/2020,13:00,1.248
6/24/2020,14:00,1.302
6/24/2020,15:00,1.407
6/24/2020,16:00,1.501
6/24/2020,17:00,1.567
6/24/2020,18:00,1.646
6/24/2020,19:00,1.696
6/24/2020,20:00,1.77
6/24/2020,21:00,1.861
6/24/2020,22:00,1.89
6/24/2020,23:00,1.92
6/25/2020,0:00,1.896
7/26/2020,6:00,1.493
7/26/2020,7:00,1.414
7/26/2020,8:00,1.38
7/26/2020,9:00,1.306
7/26/2020,10:00,1.309
7/26/2020,11:00,1.342
7/26/2020,12:00,1.375
7/26/2020,13:00,1.449
7/26/2020,14:00,1.461
7/26/2020,15:00,1.52
7/26/2020,16:00,1.603
7/26/2020,17:00,1.598
7/26/2020,18:00,1.624
7/26/2020,19:00,1.637
7/26/2020,20:00,1.672
7/26/2020,21:00,1.639
7/26/2020,22:00,1.624
7/26/2020,23:00,1.601
7/27/2020,0:00,1.642
7/27/2020,1:00,1.616
7/27/2020,2:00,1.566
7/27/2020,3:00,1.53
7/27/2020,4:00,1.519
7/27/2020,5:00,1.467
7/27/2020,6:00,1.446
7/27/2020,7:00,1.407
7/27/2020,8:00,1.402
7/27/2020,9:00,1.379
7/27/2020,10:00,1.387
7/27/2020,11:00,1.387
7/27/2020,12:00,1.413
7/27/2020,13:00,1.434
7/27/2020,14:00,1.505
7/27/2020,15:00,1.535
7/27/2020,16:00,1.627
7/27/2020,17:00,1.666
7/27/2020,18:00,1.732
7/27/2020,19:00,1.732
7/27/2020,20:00,1.764
7/27/2020,21:00,1.738
7/27/2020,22:00,1.668
7/27/2020,23:00,1.549
7/28/2020,0:00,1.518
7/28/2020,1:00,1.467
7/28/2020,2:00,1.429
7/28/2020,3:00,1.37
7/28/2020,4:00,1.334
7/28/2020,5:00,1.352
7/28/2020,6:00,1.371
7/28/2020,7:00,1.365
7/28/2020,8:00,1.37
7/28/2020,9:00,1.321
7/28/2020,10:00,1.323
7/28/2020,11:00,1.31
7/28/2020,12:00,1.343
7/28/2020,13:00,1.41
7/28/2020,14:00,1.479
7/28/2020,15:00,1.543
7/28/2020,16:00,1.599
7/28/2020,17:00,1.69
7/28/2020,18:00,1.763
7/28/2020,19:00,1.793
7/28/2020,20:00,1.761
7/28/2020,21:00,1.772
7/28/2020,22:00,1.687
7/28/2020,23:00,1.566
7/29/2020,0:00,1.429
7/29/2020,1:00,1.332
7/29/2020,2:00,1.261
7/29/2020,3:00,1.258
7/29/2020,4:00,1.201
7/29/2020,5:00,1.198
7/29/2020,6:00,1.266
7/29/2020,7:00,1.289
7/29/2020,8:00,1.305
7/29/2020,9:00,1.35
7/29/2020,10:00,1.333
7/29/2020,11:00,1.363
7/29/2020,12:00,1.39
7/29/2020,13:00,1.402
7/29/2020,14:00,1.499
7/29/2020,15:00,1.598
7/29/2020,16:00,1.655
7/29/2020,17:00,1.755
7/29/2020,18:00,1.841
7/29/2020,19:00,1.889
7/29/2020,20:00,1.895
7/29/2020,21:00,1.898
7/29/2020,22:00,1.84
7/29/2020,23:00,1.735
7/30/2020,0:00,1.568
7/30/2020,1:00,1.39
7/30/2020,2:00,1.263
7/30/2020,3:00,1.16
7/30/2020,4:00,1.096
7/30/2020,5:00,1.102
8/22/2020,12:00,1.518
8/22/2020,13:00,1.533
8/22/2020,14:00,1.492
8/22/2020,15:00,1.541
8/22/2020,16:00,1.5
8/22/2020,17:00,1.521
8/22/2020,18:00,1.567
8/22/2020,19:00,1.604
8/22/2020,20:00,1.621
8/22/2020,21:00,1.652
8/22/2020,22:00,1.67
8/22/2020,23:00,1.781
8/23/2020,0:00,1.702
8/23/2020,1:00,1.645
8/23/2020,2:00,1.584
8/23/2020,3:00,1.513
8/23/2020,4:00,1.471
8/23/2020,5:00,1.471
8/23/2020,6:00,1.468
8/23/2020,7:00,1.388
8/23/2020,8:00,1.355
8/23/2020,9:00,1.36
8/23/2020,10:00,1.402
8/23/2020,11:00,1.461
8/23/2020,12:00,1.547
8/23/2020,13:00,1.627
8/23/2020,14:00,1.664
8/23/2020,15:00,1.685
8/23/2020,16:00,1.687
8/23/2020,17:00,1.67
8/23/2020,18:00,1.701
8/23/2020,19:00,1.699
8/23/2020,20:00,1.681
8/23/2020,21:00,1.628
8/23/2020,22:00,1.624
8/23/2020,23:00,1.625
8/24/2020,0:00,1.577
8/24/2020,1:00,1.508
8/24/2020,2:00,1.461
8/24/2020,3:00,1.377
8/24/2020,4:00,1.395
8/24/2020,5:00,1.41
8/24/2020,6:00,1.427
8/24/2020,7:00,1.455
8/24/2020,8:00,1.468
8/24/2020,9:00,1.484
8/24/2020,10:00,1.534
8/24/2020,11:00,1.633
8/24/2020,12:00,1.676
8/24/2020,13:00,1.747
8/24/2020,14:00,1.78
8/24/2020,15:00,1.825
8/24/2020,16:00,1.84
8/24/2020,17:00,1.868
8/24/2020,18:00,1.883
8/24/2020,19:00,1.87
8/24/2020,20:00,1.803
8/24/2020,21:00,1.697
8/24/2020,22:00,1.602
8/24/2020,23:00,1.56
8/25/2020,0:00,1.512
8/25/2020,1:00,1.443
8/25/2020,2:00,1.398
8/25/2020,3:00,1.361
8/25/2020,4:00,1.373
8/25/2020,5:00,1.411
8/25/2020,6:00,1.474
8/25/2020,7:00,1.533
8/25/2020,8:00,1.561
8/25/2020,9:00,1.556
8/25/2020,10:00,1.573
8/25/2020,11:00,1.62
8/25/2020,12:00,1.755
8/25/2020,13:00,1.802
8/25/2020,14:00,1.802
8/25/2020,15:00,1.871
8/25/2020,16:00,1.929
8/25/2020,17:00,1.965
8/25/2020,18:00,1.991
8/25/2020,19:00,1.976
8/25/2020,20:00,1.953
8/25/2020,21:00,1.837
8/25/2020,22:00,1.636
8/25/2020,23:00,1.494
8/26/2020,0:00,1.394
8/26/2020,1:00,1.319
8/26/2020,2:00,1.269
8/26/2020,3:00,1.241
8/26/2020,4:00,1.241
8/26/2020,5:00,1.274
8/26/2020,6:00,1.345
8/26/2020,7:00,1.397
8/26/2020,8:00,1.434
8/26/2020,9:00,1.49
8/26/2020,10:00,1.497
8/26/2020,11:00,1.544
8/26/2020,12:00,1.6
8/26/2020,13:00,1.722
8/26/2020,14:00,1.771
8/26/2020,15:00,1.832
8/26/2020,16:00,1.881
8/26/2020,17:00,1.876
8/26/2020,18:00,1.927
8/26/2020,19:00,1.919
8/26/2020,20:00,1.912
8/26/2020,21:00,1.815
8/26/2020,22:00,1.68
8/26/2020,23:00,1.527
8/27/2020,0:00,1.395
8/27/2020,1:00,1.288
8/27/2020,2:00,1.205
8/27/2020,3:00,1.146
8/27/2020,4:00,1.129
8/27/2020,5:00,1.136
8/27/2020,6:00,1.256
8/27/2020,7:00,1.291
8/27/2020,8:00,1.353
8/27/2020,9:00,1.464
8/27/2020,10:00,1.516
8/27/2020,11:00,1.533
8/27/2020,12:00,1.507
8/27/2020,13:00,1.571
8/27/2020,14:00,1.653
8/27/2020,15:00,1.713
8/27/2020,16:00,1.775
8/27/2020,17:00,1.831
8/27/2020,18:00,1.87
8/27/2020,19:00,1.934
8/27/2020,20:00,1.906
8/27/2020,21:00,1.884
8/27/2020,22:00,1.81
8/27/2020,23:00,1.65
8/28/2020,0:00,1.475
8/28/2020,1:00,1.328
8/28/2020,2:00,1.184
8/28/2020,3:00,1.079
8/28/2020,4:00,1.022
8/28/2020,5:00,1.027
8/28/2020,6:00,1.101
8/28/2020,7:00,1.215
9/27/2020,5:00,1.036
9/27/2020,6:00,1.151
9/27/2020,6:00,1.151
9/27/2020,7:00,1.296
9/27/2020,7:00,1.296
9/27/2020,8:00,1.384
9/27/2020,8:00,1.384
9/27/2020,9:00,1.429
9/27/2020,9:00,1.429
9/27/2020,10:00,1.549
9/27/2020,10:00,1.549
9/27/2020,11:00,1.546
9/27/2020,11:00,1.546
9/27/2020,12:00,1.561
9/27/2020,12:00,1.561
9/27/2020,13:00,1.542
9/27/2020,13:00,1.542
9/27/2020,14:00,1.52
9/27/2020,14:00,1.52
9/27/2020,15:00,1.567
9/27/2020,15:00,1.567
9/27/2020,16:00,1.533
9/27/2020,16:00,1.533
9/27/2020,17:00,1.608
9/27/2020,17:00,1.608
9/27/2020,18:00,1.678
9/27/2020,18:00,1.678
9/27/2020,19:00,1.745
9/27/2020,19:00,1.745
9/27/2020,20:00,1.751
9/27/2020,20:00,1.751
9/27/2020,21:00,1.709
9/27/2020,21:00,1.709
9/27/2020,22:00,1.653
9/27/2020,22:00,1.653
9/27/2020,23:00,1.538
9/27/2020,23:00,1.538
9/28/2020,0:00,1.4
9/28/2020,0:00,1.4
9/28/2020,1:00,1.258
9/28/2020,1:00,1.258
9/28/2020,2:00,1.145
9/28/2020,2:00,1.145
9/28/2020,3:00,1.057
9/28/2020,3:00,1.057
9/28/2020,4:00,1.019
9/28/2020,4:00,1.019
9/28/2020,5:00,1.033
9/28/2020,5:00,1.033
9/28/2020,6:00,1.1
9/28/2020,6:00,1.1
9/28/2020,7:00,1.18
9/28/2020,7:00,1.18
9/28/2020,8:00,1.305
9/28/2020,8:00,1.305
9/28/2020,9:00,1.381
9/28/2020,9:00,1.381
9/28/2020,10:00,1.459
9/28/2020,10:00,1.459
9/28/2020,11:00,1.477
9/28/2020,11:00,1.477
9/28/2020,12:00,1.486
9/28/2020,12:00,1.486
9/28/2020,13:00,1.456
9/28/2020,13:00,1.456
9/28/2020,14:00,1.426
9/28/2020,14:00,1.426
9/28/2020,15:00,1.467
9/28/2020,15:00,1.467
9/28/2020,16:00,1.511
9/28/2020,16:00,1.511
9/28/2020,17:00,1.525
9/28/2020,17:00,1.525
9/28/2020,18:00,1.589
9/28/2020,18:00,1.589
9/28/2020,19:00,1.647
9/28/2020,19:00,1.647
9/28/2020,20:00,1.668
9/28/2020,20:00,1.668
9/28/2020,21:00,1.617
9/28/2020,21:00,1.617
9/28/2020,22:00,1.587
9/28/2020,22:00,1.587
9/28/2020,23:00,1.543
9/28/2020,23:00,1.543
9/29/2020,0:00,1.455
9/29/2020,0:00,1.455
9/29/2020,1:00,1.353
9/29/2020,1:00,1.353
9/29/2020,2:00,1.279
9/29/2020,2:00,1.279
9/29/2020,3:00,1.202
9/29/2020,3:00,1.202
9/29/2020,4:00,1.153
9/29/2020,4:00,1.153
9/29/2020,5:00,1.136
9/29/2020,5:00,1.136
9/29/2020,6:00,1.156
9/29/2020,6:00,1.156
9/29/2020,7:00,1.248
9/29/2020,7:00,1.248
9/29/2020,8:00,1.321
9/29/2020,8:00,1.321
9/29/2020,9:00,1.445
9/29/2020,9:00,1.445
9/29/2020,10:00,1.535
9/29/2020,10:00,1.535
9/29/2020,11:00,1.533
9/29/2020,11:00,1.533
9/29/2020,12:00,1.549
9/29/2020,12:00,1.549
9/29/2020,13:00,1.535
10/6/2020,14:00,1.711
10/6/2020,15:00,1.69
10/6/2020,15:00,1.69
10/6/2020,16:00,1.633
10/6/2020,16:00,1.633
10/6/2020,17:00,1.57
10/6/2020,17:00,1.57
10/6/2020,18:00,1.511
10/6/2020,18:00,1.511
10/6/2020,19:00,1.459
10/6/2020,19:00,1.459
10/6/2020,20:00,1.397
10/6/2020,20:00,1.397
10/6/2020,21:00,1.308
10/6/2020,21:00,1.308
10/6/2020,22:00,1.289
10/6/2020,22:00,1.289
10/6/2020,23:00,1.226
10/6/2020,23:00,1.226
10/7/2020,0:00,1.175
10/7/2020,0:00,1.175
10/7/2020,1:00,1.148
10/7/2020,1:00,1.148
10/7/2020,2:00,1.22
10/7/2020,2:00,1.22
10/7/2020,3:00,1.286
10/7/2020,3:00,1.286
10/7/2020,4:00,1.374
10/7/2020,4:00,1.374
10/7/2020,5:00,1.446
10/7/2020,5:00,1.446
10/7/2020,6:00,1.589
10/7/2020,6:00,1.589
10/7/2020,7:00,1.623
10/7/2020,7:00,1.623
10/7/2020,8:00,1.66
10/7/2020,8:00,1.66
10/7/2020,9:00,1.642
10/7/2020,9:00,1.642
10/7/2020,10:00,1.659
10/7/2020,10:00,1.659
10/7/2020,11:00,1.726
10/7/2020,11:00,1.726
10/7/2020,12:00,1.757
10/7/2020,12:00,1.757
10/7/2020,13:00,1.755
10/7/2020,13:00,1.755
10/7/2020,14:00,1.731
10/7/2020,14:00,1.731
10/7/2020,15:00,1.738
10/7/2020,15:00,1.738
10/7/2020,16:00,1.72
10/7/2020,16:00,1.72
10/7/2020,17:00,1.648
10/7/2020,17:00,1.648
10/7/2020,18:00,1.584
10/7/2020,18:00,1.584
10/7/2020,19:00,1.51
10/7/2020,19:00,1.51
10/7/2020,20:00,1.444
10/7/2020,20:00,1.444
10/7/2020,21:00,1.328
10/7/2020,21:00,1.328
10/7/2020,22:00,1.293
10/7/2020,22:00,1.293
10/7/2020,23:00,1.251
10/7/2020,23:00,1.251
10/8/2020,0:00,1.192
10/8/2020,0:00,1.192
10/8/2020,1:00,1.159
10/8/2020,1:00,1.159
10/8/2020,2:00,1.16
10/8/2020,2:00,1.16
10/8/2020,3:00,1.199
10/8/2020,3:00,1.199
10/8/2020,4:00,1.275
10/8/2020,4:00,1.275
10/8/2020,5:00,1.36
10/8/2020,5:00,1.36
10/8/2020,6:00,1.476
10/8/2020,6:00,1.476
10/8/2020,7:00,1.516
10/8/2020,7:00,1.516
10/8/2020,8:00,1.569
10/8/2020,8:00,1.569
10/8/2020,9:00,1.567
10/8/2020,9:00,1.567
10/8/2020,10:00,1.629
10/8/2020,10:00,1.629
10/8/2020,11:00,1.688
10/8/2020,11:00,1.688
10/8/2020,12:00,1.737
10/12/2020,18:00,1.856
10/12/2020,18:00,1.856
10/12/2020,19:00,1.861
10/12/2020,19:00,1.861
10/12/2020,20:00,1.814
10/12/2020,20:00,1.814
10/12/2020,21:00,1.739
10/12/2020,21:00,1.739
10/12/2020,22:00,1.623
10/12/2020,22:00,1.623
10/12/2020,23:00,1.473
10/12/2020,23:00,1.473
10/13/2020,0:00,1.341
10/13/2020,0:00,1.341
10/13/2020,1:00,1.251
10/13/2020,1:00,1.251
10/13/2020,2:00,1.162
10/13/2020,2:00,1.162
10/13/2020,3:00,1.14
10/13/2020,3:00,1.14
10/13/2020,4:00,1.149
10/13/2020,4:00,1.149
10/13/2020,5:00,1.237
10/13/2020,5:00,1.237
10/13/2020,6:00,1.325
10/13/2020,6:00,1.325
10/13/2020,7:00,1.424
10/13/2020,7:00,1.424
10/13/2020,8:00,1.531
10/13/2020,8:00,1.531
10/13/2020,9:00,1.573
10/13/2020,9:00,1.573
10/13/2020,10:00,1.593
10/13/2020,10:00,1.593
10/13/2020,11:00,1.582
10/13/2020,11:00,1.582
10/13/2020,12:00,1.55
10/13/2020,12:00,1.55
10/13/2020,13:00,1.526
10/13/2020,13:00,1.526
10/13/2020,14:00,1.555
11/5/2020,14:00,1.763
11/5/2020,15:00,1.748
11/5/2020,16:00,1.655
11/5/2020,17:00,1.568
11/5/2020,18:00,1.491
11/5/2020,19:00,1.426
11/5/2020,20:00,1.284
11/5/2020,21:00,1.217
11/5/2020,22:00,1.181
11/5/2020,23:00,1.216
11/6/2020,0:00,1.176
11/6/2020,1:00,1.233
11/6/2020,2:00,1.274
11/6/2020,3:00,1.36
11/6/2020,4:00,1.42
11/6/2020,5:00,1.513
11/6/2020,6:00,1.624
11/6/2020,7:00,1.723
11/6/2020,8:00,1.752
11/6/2020,9:00,1.782
11/6/2020,10:00,1.91
11/6/2020,11:00,1.962
11/6/2020,12:00,1.932
11/6/2020,13:00,1.84
11/6/2020,14:00,1.832
11/6/2020,15:00,1.733
11/6/2020,16:00,1.705
11/6/2020,17:00,1.598
11/6/2020,18:00,1.586
11/6/2020,19:00,1.481
11/6/2020,20:00,1.385
11/6/2020,21:00,1.301
11/6/2020,22:00,1.187
11/6/2020,23:00,1.165
11/7/2020,0:00,1.126
11/7/2020,1:00,1.142
11/7/2020,2:00,1.161
11/7/2020,3:00,1.255
11/7/2020,4:00,1.373
11/7/2020,5:00,1.481
11/7/2020,6:00,1.612
11/7/2020,7:00,1.728
11/7/2020,8:00,1.807
11/7/2020,9:00,1.807
11/7/2020,10:00,1.791
11/7/2020,11:00,1.826
11/7/2020,12:00,1.904
11/7/2020,13:00,1.872
11/7/2020,14:00,1.891
11/7/2020,15:00,1.855
11/7/2020,16:00,1.821
11/7/2020,17:00,1.739
11/7/2020,18:00,1.67
11/7/2020,19:00,1.554
11/7/2020,20:00,1.431
11/7/2020,21:00,1.324
11/7/2020,22:00,1.226
11/7/2020,23:00,1.141
11/8/2020,0:00,1.119
11/8/2020,1:00,1.119
11/8/2020,2:00,1.164
11/8/2020,3:00,1.233
11/8/2020,4:00,1.35
11/8/2020,5:00,1.471
11/8/2020,6:00,1.576
11/8/2020,7:00,1.68
11/8/2020,8:00,1.733
11/8/2020,9:00,1.787
11/8/2020,10:00,1.812
11/8/2020,11:00,1.806
11/8/2020,12:00,1.837
11/8/2020,13:00,1.829
11/8/2020,14:00,1.806
11/8/2020,15:00,1.822
11/8/2020,16:00,1.847
11/8/2020,17:00,1.79
11/8/2020,18:00,1.722
11/8/2020,19:00,1.604
11/8/2020,20:00,1.503
11/8/2020,21:00,1.432
11/8/2020,22:00,1.309
11/8/2020,23:00,1.208
11/9/2020,0:00,1.154
11/9/2020,1:00,1.125
11/9/2020,2:00,1.163
11/9/2020,3:00,1.18
11/9/2020,4:00,1.303
11/25/2020,8:00,1.662
11/25/2020,9:00,1.685
11/25/2020,10:00,1.734
11/25/2020,11:00,1.755
11/25/2020,12:00,1.683
11/25/2020,13:00,1.685
11/25/2020,14:00,1.611
11/25/2020,15:00,1.575
11/25/2020,16:00,1.464
11/25/2020,17:00,1.463
11/25/2020,18:00,1.43
11/25/2020,19:00,1.403
11/25/2020,20:00,1.408
11/25/2020,21:00,1.368
11/25/2020,22:00,1.36
11/25/2020,23:00,1.311
11/26/2020,0:00,1.299
11/26/2020,1:00,1.273
11/26/2020,2:00,1.284
11/26/2020,3:00,1.317
11/26/2020,4:00,1.44
11/26/2020,5:00,1.555
11/26/2020,6:00,1.669
11/26/2020,7:00,1.714
11/26/2020,8:00,1.731
11/26/2020,9:00,1.738
11/26/2020,10:00,1.764
11/26/2020,11:00,1.66
11/26/2020,12:00,1.637
11/26/2020,13:00,1.602
11/26/2020,14:00,1.558
11/26/2020,15:00,1.492
11/26/2020,16:00,1.388
11/26/2020,17:00,1.333
11/26/2020,18:00,1.266
11/26/2020,19:00,1.279
11/26/2020,20:00,1.266
11/26/2020,21:00,1.291
11/26/2020,22:00,1.289
11/26/2020,23:00,1.281
11/27/2020,0:00,1.334
11/27/2020,1:00,1.313
11/27/2020,2:00,1.393
11/27/2020,3:00,1.41
11/27/2020,4:00,1.504
11/27/2020,5:00,1.637
11/27/2020,6:00,1.721
11/27/2020,7:00,1.81
11/27/2020,8:00,1.828
11/27/2020,9:00,1.83
11/27/2020,10:00,1.784
11/27/2020,11:00,1.734
11/27/2020,12:00,1.685
11/27/2020,13:00,1.64
11/27/2020,14:00,1.606
11/27/2020,15:00,1.506
11/28/2020,2:00,1.402
11/28/2020,3:00,1.418
11/28/2020,4:00,1.507
11/28/2020,5:00,1.573
11/28/2020,6:00,1.692
11/28/2020,7:00,1.745
11/28/2020,8:00,1.843
11/28/2020,9:00,1.777
11/28/2020,10:00,1.749
11/28/2020,11:00,1.693
11/28/2020,12:00,1.629
11/28/2020,13:00,1.537
11/28/2020,14:00,1.489
11/28/2020,15:00,1.449
11/28/2020,16:00,1.325
11/28/2020,17:00,1.244
11/28/2020,18:00,1.207
11/28/2020,19:00,1.19
11/28/2020,20:00,1.177
11/28/2020,21:00,1.19
11/28/2020,22:00,1.166
11/28/2020,23:00,1.19
11/29/2020,0:00,1.226
11/29/2020,1:00,1.22
11/29/2020,2:00,1.288
11/29/2020,3:00,1.384
11/29/2020,4:00,1.478
11/29/2020,5:00,1.558
12/12/2020,3:00,1.286
12/12/2020,4:00,1.38
12/12/2020,5:00,1.58
12/12/2020,6:00,1.622
12/12/2020,7:00,1.65
12/12/2020,8:00,1.68
12/12/2020,9:00,1.719
12/12/2020,10:00,1.658
12/12/2020,11:00,1.65
12/12/2020,12:00,1.549
12/12/2020,13:00,1.463
12/12/2020,14:00,1.347
12/13/2020,5:00,1.215
12/13/2020,7:00,1.215
12/13/2020,8:00,1.215
12/13/2020,9:00,1.215
12/13/2020,10:00,1.215
12/13/2020,11:00,1.215
12/13/2020,12:00,1.215
12/13/2020,13:00,1.592
12/13/2020,14:00,1.44
12/13/2020,15:00,1.199
12/13/2020,16:00,1.095
12/13/2020,17:00,1.045
12/13/2020,18:00,1.097
12/13/2020,19:00,1.076
12/13/2020,20:00,1.115
12/13/2020,21:00,1.117
12/13/2020,22:00,1.146
12/13/2020,23:00,1.116
12/14/2020,0:00,1.151
12/14/2020,1:00,1.144
12/14/2020,2:00,1.241
12/14/2020,3:00,1.339
12/14/2020,4:00,1.494
12/14/2020,5:00,1.656
12/14/2020,6:00,1.836
12/14/2020,7:00,1.959
12/14/2020,8:00,2.002
12/14/2020,9:00,1.991
12/14/2020,10:00,1.991
12/14/2020,11:00,1.866
12/14/2020,12:00,1.777
12/14/2020,13:00,1.59
12/14/2020,14:00,1.42
12/14/2020,15:00,1.284
12/14/2020,16:00,1.116
12/14/2020,17:00,0.985
12/14/2020,18:00,0.924
12/15/2020,1:00,1.148
12/15/2020,2:00,1.201
12/15/2020,3:00,1.319
12/15/2020,4:00,1.464
12/15/2020,5:00,1.629
12/15/2020,6:00,1.785
12/15/2020,7:00,1.922
12/15/2020,8:00,2.005
12/15/2020,9:00,2.105
12/15/2020,10:00,2.095
12/15/2020,11:00,2.067
12/15/2020,12:00,1.966
1/6/2021,11:00,1.708
1/6/2021,12:00,1.663
1/6/2021,13:00,1.675
1/6/2021,14:00,1.659
1/6/2021,15:00,1.635
1/6/2021,16:00,1.588
1/6/2021,17:00,1.605
1/6/2021,18:00,1.548
1/6/2021,19:00,1.466
1/6/2021,20:00,1.448
1/6/2021,21:00,1.365
1/6/2021,22:00,1.391
1/6/2021,23:15,1.405
1/7/2021,0:00,1.328
1/7/2021,1:00,1.496
1/7/2021,2:00,1.612
1/7/2021,3:00,1.741
1/7/2021,4:00,1.74
1/7/2021,5:00,1.79
1/7/2021,6:00,1.742
1/7/2021,7:00,1.719
1/7/2021,8:00,1.724
1/7/2021,9:00,1.771
1/7/2021,10:00,1.725
1/7/2021,11:00,1.544
1/7/2021,12:00,1.613
1/7/2021,13:00,1.556
1/7/2021,14:00,1.503
1/7/2021,15:00,1.491
1/7/2021,16:00,1.478
1/7/2021,17:00,1.4
1/7/2021,18:00,1.38
1/7/2021,19:00,1.395
1/7/2021,20:00,1.291
1/7/2021,21:00,1.364
1/7/2021,22:00,1.364
1/7/2021,23:00,1.361
1/8/2021,0:00,1.436
1/8/2021,1:00,1.445
1/8/2021,2:00,1.487
1/8/2021,3:00,1.609
1/8/2021,4:00,1.675
1/8/2021,5:00,1.702
1/8/2021,6:00,1.786
1/8/2021,7:00,1.808
1/8/2021,8:00,1.808
1/8/2021,9:00,1.762
1/8/2021,10:00,1.678
1/8/2021,11:00,1.641
1/8/2021,12:00,1.571
1/8/2021,13:00,1.516
1/8/2021,14:00,1.445
1/8/2021,15:00,1.355
1/8/2021,16:00,1.368
1/8/2021,17:00,1.351
1/8/2021,18:00,1.342
1/8/2021,19:00,1.317
1/8/2021,20:00,1.308
1/8/2021,21:00,1.313
1/8/2021,22:00,1.332
1/8/2021,23:00,1.365
1/9/2021,0:00,1.423
1/9/2021,1:00,1.491
1/9/2021,2:00,1.592
1/9/2021,3:00,1.658
1/9/2021,4:00,1.775
1/9/2021,5:00,1.829
1/9/2021,6:00,1.888
1/9/2021,7:00,1.958
1/9/2021,8:00,1.935
1/9/2021,9:00,1.877
1/9/2021,10:00,1.811
1/9/2021,11:15,1.741
1/9/2021,12:00,1.634
1/9/2021,13:00,1.51
1/9/2021,14:00,1.324
1/9/2021,15:00,1.288
1/9/2021,16:00,1.211
1/9/2021,17:00,1.195
1/9/2021,18:00,1.221
1/9/2021,19:00,1.262
1/9/2021,20:00,1.27
1/9/2021,21:00,1.238
1/9/2021,22:00,1.257
1/9/2021,23:00,1.276
1/10/2021,0:00,1.292
1/10/2021,1:00,1.413
1/16/2021,0:00,1.139
1/16/2021,1:00,1.159
1/16/2021,2:00,1.167
1/16/2021,3:00,1.195
1/16/2021,4:00,1.247
1/16/2021,5:00,1.315
1/16/2021,6:00,1.399
1/16/2021,7:00,1.52
1/16/2021,8:00,1.646
1/16/2021,9:00,1.791
1/16/2021,10:00,1.902
1/16/2021,11:00,1.994
1/16/2021,12:00,2.009
1/16/2021,13:00,1.927
1/16/2021,14:00,1.844
1/16/2021,15:00,1.759
1/16/2021,16:00,1.602
1/16/2021,17:00,1.458
1/17/2021,8:00,1.377
1/17/2021,9:00,1.775
1/17/2021,10:00,1.92
1/17/2021,11:00,1.954
1/17/2021,12:00,1.947
1/17/2021,13:00,1.929
1/17/2021,14:00,1.8
1/17/2021,15:00,1.658
1/17/2021,16:00,1.572
1/17/2021,17:00,1.462
1/17/2021,18:00,1.295
1/17/2021,19:00,1.237
1/17/2021,20:00,1.169
1/17/2021,21:00,1.208
1/17/2021,22:00,1.229
1/17/2021,23:00,1.267
1/18/2021,0:00,1.388
1/18/2021,1:00,1.358
1/18/2021,2:00,1.402
1/18/2021,3:00,1.43
1/18/2021,4:00,1.499
1/18/2021,5:00,1.564
1/18/2021,6:00,1.638
1/18/2021,7:15,1.744
1/18/2021,8:00,1.712
1/18/2021,9:00,1.769
1/18/2021,10:00,1.861
1/18/2021,11:00,1.946
1/18/2021,12:00,1.81
1/18/2021,13:00,1.699
1/18/2021,14:00,1.576
1/18/2021,15:00,1.528
1/18/2021,16:00,1.402
1/18/2021,17:00,1.298
1/18/2021,18:00,1.221
1/18/2021,19:00,1.207
1/18/2021,20:00,1.183
1/18/2021,21:00,1.233
1/18/2021,22:00,1.251
1/18/2021,23:00,1.27
1/19/2021,0:00,1.446
1/19/2021,1:00,1.401
1/19/2021,2:00,1.426
1/19/2021,3:00,1.445
1/19/2021,4:00,1.498
1/19/2021,5:00,1.489
1/19/2021,6:00,1.48
1/19/2021,7:00,1.529
1/19/2021,8:00,1.597
1/19/2021,9:00,1.562
1/19/2021,10:00,1.555
1/19/2021,11:00,1.541
1/19/2021,12:00,1.478
1/19/2021,13:00,1.529
1/19/2021,14:00,1.45
1/19/2021,15:00,1.42
1/19/2021,16:00,1.389
1/19/2021,17:00,1.319
1/19/2021,18:00,1.269
1/19/2021,19:00,1.216
1/19/2021,20:00,1.226
1/19/2021,21:00,1.256
1/19/2021,22:00,1.268
1/19/2021,23:00,1.338
1/20/2021,0:00,1.407
1/20/2021,1:00,1.432
1/20/2021,2:00,1.493
1/20/2021,3:00,1.479
1/20/2021,4:00,1.488
1/20/2021,5:00,1.56
1/20/2021,6:00,1.573
1/20/2021,7:00,1.589
1/20/2021,8:00,1.65
2/12/2021,11:00,1.913
2/12/2021,12:00,1.789
2/12/2021,13:00,1.709
2/12/2021,14:00,1.515
2/12/2021,15:00,1.395
2/12/2021,16:00,1.239
2/12/2021,17:00,1.165
2/12/2021,18:00,1.061
2/12/2021,19:00,1.061
2/12/2021,20:00,1.094
2/12/2021,21:00,1.217
2/12/2021,22:00,1.263
2/12/2021,23:00,1.341
2/13/2021,0:00,1.364
2/13/2021,1:00,1.389
2/13/2021,2:00,1.423
2/13/2021,3:00,1.366
2/13/2021,4:00,1.393
2/13/2021,5:00,1.48
2/13/2021,6:00,1.555
2/13/2021,7:00,1.631
2/13/2021,8:00,1.735
2/13/2021,9:00,1.76
2/13/2021,10:00,1.821
2/13/2021,11:00,1.796
2/13/2021,12:00,1.742
2/13/2021,13:00,1.662
2/13/2021,14:00,1.569
2/13/2021,15:00,1.427
2/13/2021,16:00,1.264
2/13/2021,17:00,1.189
2/13/2021,18:00,1.146
2/13/2021,19:00,1.102
2/13/2021,20:00,1.148
2/13/2021,21:00,1.259
2/13/2021,22:00,1.289
2/13/2021,23:00,1.342
2/14/2021,0:00,1.4
2/14/2021,1:00,1.441
2/14/2021,2:00,1.442
2/14/2021,3:00,1.418
2/14/2021,4:00,1.432
2/14/2021,5:00,1.469
2/14/2021,6:00,1.511
2/14/2021,7:00,1.578
2/14/2021,8:00,1.659
2/14/2021,9:00,1.722
2/14/2021,10:00,1.839
2/14/2021,11:00,1.874
2/14/2021,12:00,1.815
2/14/2021,13:00,1.74
2/14/2021,14:00,1.651
2/14/2021,15:00,1.499
2/14/2021,16:00,1.344
2/14/2021,17:00,1.239
2/14/2021,18:00,1.19
2/14/2021,19:00,1.179
2/14/2021,20:00,1.134
2/14/2021,21:00,1.264
2/14/2021,22:00,1.31
2/14/2021,23:00,1.436
2/15/2021,0:00,1.464
2/15/2021,1:00,1.544
2/15/2021,2:00,1.523
2/15/2021,3:00,1.478
2/15/2021,4:00,1.457
2/15/2021,5:00,1.509
2/15/2021,6:00,1.466
2/15/2021,7:00,1.569
2/15/2021,8:00,1.626
2/15/2021,9:00,1.627
2/15/2021,10:00,1.702
2/15/2021,11:00,1.691
2/15/2021,12:00,1.66
2/15/2021,13:00,1.637
2/15/2021,14:00,1.534
2/15/2021,15:00,1.451
2/15/2021,16:00,1.313
2/15/2021,17:00,1.269
2/15/2021,18:00,1.238
2/15/2021,19:00,1.173
2/15/2021,20:00,1.244
2/15/2021,21:00,1.308
2/15/2021,22:00,1.374
2/15/2021,23:00,1.476
2/16/2021,0:00,1.524
3/28/2021,4:00,1.404
3/28/2021,5:00,1.449
3/28/2021,6:00,1.54
3/28/2021,7:00,1.57
3/28/2021,8:00,1.633
3/28/2021,9:00,1.669
3/28/2021,10:00,1.695
3/28/2021,11:00,1.594
3/28/2021,12:00,1.516
3/28/2021,13:00,1.424
3/28/2021,14:00,1.334
3/28/2021,15:00,1.208
3/28/2021,16:00,1.178
3/28/2021,17:00,1.12
3/28/2021,18:00,1.145
3/28/2021,19:00,1.243
3/28/2021,20:00,1.358
3/28/2021,21:00,1.475
3/28/2021,22:00,1.547
3/28/2021,23:00,1.557
3/29/2021,0:00,1.529
3/29/2021,1:00,1.488
3/29/2021,2:00,1.442
3/29/2021,3:00,1.428
3/29/2021,4:00,1.42
3/29/2021,5:00,1.443
3/29/2021,6:00,1.476
3/29/2021,7:00,1.497
3/29/2021,8:00,1.557
3/29/2021,9:00,1.642
3/29/2021,10:00,1.696
3/29/2021,11:00,1.654
3/29/2021,12:00,1.623
3/29/2021,13:00,1.568
3/29/2021,14:00,1.47
3/29/2021,15:00,1.366
3/29/2021,16:00,1.296
3/29/2021,17:00,1.32
3/29/2021,18:00,1.295
3/29/2021,19:00,1.358
3/29/2021,20:00,1.471
3/29/2021,21:00,1.596
3/29/2021,22:00,1.69
3/29/2021,23:00,1.693
3/30/2021,0:00,1.676
3/30/2021,1:00,1.632
3/30/2021,2:00,1.587
3/30/2021,3:00,1.53
3/30/2021,4:00,1.473
3/30/2021,5:00,1.452
3/30/2021,6:00,1.441
3/30/2021,7:00,1.397
3/30/2021,8:00,1.422
3/30/2021,9:00,1.476
3/30/2021,10:00,1.513
3/30/2021,11:00,1.541
3/30/2021,12:00,1.456
3/30/2021,13:00,1.383
3/30/2021,14:00,1.359
3/30/2021,15:00,1.315
3/30/2021,16:00,1.327
3/30/2021,17:00,1.331
3/30/2021,18:00,1.342
3/30/2021,19:00,1.392
3/30/2021,20:00,1.476
3/30/2021,21:00,1.588
3/30/2021,22:00,1.696
3/30/2021,23:00,1.723
3/31/2021,0:00,1.738
3/31/2021,1:00,1.675
3/31/2021,2:00,1.61
3/31/2021,3:00,1.551
3/31/2021,4:00,1.504
3/31/2021,5:00,1.444
3/31/2021,6:00,1.346
3/31/2021,7:00,1.273
3/31/2021,8:00,1.207
3/31/2021,9:00,1.219
3/31/2021,10:00,1.302
3/31/2021,11:00,1.312
3/31/2021,12:00,1.311
3/31/2021,13:00,1.327
3/31/2021,14:00,1.303
3/31/2021,15:00,1.296
3/31/2021,16:00,1.306
3/31/2021,17:15,1.369
3/31/2021,18:00,1.434
3/31/2021,19:00,1.453
3/31/2021,20:00,1.501
3/31/2021,21:00,1.652
3/31/2021,22:00,1.789
3/31/2021,23:00,1.812
4/1/2021,0:00,1.737
4/1/2021,1:00,1.809
4/1/2021,2:00,1.772
4/1/2021,3:00,1.663
4/1/2021,4:00,1.598
4/1/2021,5:00,1.539
4/1/2021,6:00,1.507
4/1/2021,7:00,1.334
4/1/2021,8:00,1.102
4/1/2021,9:00,1.148
4/1/2021,10:00,1.091
4/1/2021,11:00,1.132
4/1/2021,12:00,1.089
4/1/2021,13:00,1.053
4/1/2021,14:00,1.084
4/1/2021,15:00,1.054
4/1/2021,16:00,1.093
4/1/2021,17:00,1.127
4/1/2021,18:00,1.237
4/1/2021,19:00,1.417
4/1/2021,20:00,1.51
4/1/2021,21:00,1.512
4/1/2021,22:00,1.569
4/1/2021,23:00,1.733
4/2/2021,0:00,1.706
4/2/2021,1:00,1.701
4/2/2021,2:00,1.662
4/2/2021,3:00,1.672
4/2/2021,4:00,1.583
4/2/2021,5:00,1.499
4/2/2021,6:00,1.381
4/2/2021,7:00,1.308
4/2/2021,8:00,1.178
4/2/2021,9:00,1.063
4/2/2021,10:00,1.005
4/2/2021,11:00,0.972
4/2/2021,12:00,0.962
4/2/2021,13:00,0.926
4/2/2021,22:00,0.917
4/2/2021,23:00,0.917
4/3/2021,0:00,0.917
4/3/2021,3:00,0.917
4/3/2021,4:00,0.917
4/3/2021,5:00,0.917
4/3/2021,6:00,0.917
4/3/2021,7:00,0.917
4/3/2021,8:00,0.917
4/3/2021,9:00,1.357
4/3/2021,10:00,1.329
4/3/2021,11:00,1.123
4/3/2021,12:00,0.979
4/3/2021,13:00,1.016
4/3/2021,14:00,0.956
4/3/2021,15:00,1.069
4/3/2021,16:00,1.059
4/3/2021,17:00,1.182
4/3/2021,18:00,1.255
4/3/2021,19:00,1.422
4/3/2021,20:00,1.565
4/3/2021,21:00,1.566
4/3/2021,22:00,1.581
4/3/2021,23:00,1.661
4/4/2021,0:00,1.736
4/4/2021,1:00,1.735
4/4/2021,2:00,1.778
4/4/2021,3:00,1.78
4/4/2021,4:00,1.738
4/4/2021,5:00,1.764
4/4/2021,6:00,1.729
4/4/2021,7:00,1.573
4/4/2021,8:00,1.437
4/4/2021,9:00,1.359
4/4/2021,10:00,1.174
4/4/2021,11:00,1.095
4/4/2021,12:00,1.045
4/4/2021,13:00,0.934
4/4/2021,14:00,0.87
4/4/2021,15:00,0.929
4/4/2021,16:00,0.959
4/4/2021,17:00,1.096
4/4/2021,18:00,1.246
4/4/2021,19:00,1.345
4/4/2021,20:00,1.447
4/4/2021,21:00,1.555
4/4/2021,22:00,1.565
4/4/2021,23:00,1.582
4/5/2021,0:00,1.652
4/5/2021,1:00,1.721
4/5/2021,2:00,1.759
4/5/2021,3:00,1.784
4/5/2021,4:00,1.798
4/5/2021,5:00,1.806
4/5/2021,6:00,1.786
4/5/2021,7:00,1.753
4/5/2021,8:00,1.598
4/5/2021,9:00,1.501
4/5/2021,10:00,1.369
4/5/2021,11:00,1.252
4/5/2021,12:00,1.095
4/5/2021,13:00,1.07
4/5/2021,14:00,1.005
4/5/2021,15:00,0.946
4/5/2021,16:00,1.022
4/5/2021,17:00,1.086
4/5/2021,18:00,1.235
4/5/2021,19:00,1.338
4/5/2021,20:00,1.409
4/5/2021,21:00,1.49
4/5/2021,22:00,1.564
4/5/2021,23:00,1.606
4/6/2021,0:00,1.564
4/6/2021,1:00,1.61
4/6/2021,2:00,1.658
4/6/2021,3:00,1.708
4/6/2021,4:00,1.765
4/6/2021,5:00,1.766
4/6/2021,6:00,1.903
4/6/2021,7:00,1.784
4/6/2021,8:00,1.705
4/6/2021,9:00,1.541
4/6/2021,10:00,1.354
4/6/2021,11:00,1.26
4/6/2021,12:00,1.188
4/6/2021,13:00,1.133
4/6/2021,14:00,0.967
4/7/2021,9:00,0.96
4/7/2021,10:00,0.96
4/7/2021,11:00,1.382
4/7/2021,12:00,1.255
4/7/2021,13:00,1.16
4/7/2021,14:00,1.065
4/7/2021,15:00,0.996
4/7/2021,16:00,1.005
4/7/2021,17:00,1.049
4/7/2021,18:00,1.069
4/7/2021,19:00,1.14
4/7/2021,23:00,1.415
4/8/2021,0:00,1.381
4/8/2021,1:00,1.383
4/8/2021,2:00,1.395
4/8/2021,3:00,1.478
4/8/2021,4:00,1.475
4/8/2021,5:00,1.479
4/8/2021,6:00,1.561
4/8/2021,7:00,1.573
4/8/2021,8:00,1.568
4/8/2021,9:00,1.562
4/8/2021,10:00,1.538
4/8/2021,11:00,1.421
4/8/2021,12:00,1.327
4/8/2021,13:00,1.247
4/8/2021,14:00,1.12
4/9/2021,3:00,1.444
4/9/2021,4:00,1.463
4/9/2021,5:00,1.473
4/9/2021,6:00,1.54
4/9/2021,7:00,1.579
4/9/2021,8:00,1.534
4/9/2021,9:00,1.572
4/9/2021,10:00,1.513
4/9/2021,11:00,1.479
4/9/2021,12:00,1.372
4/9/2021,13:00,1.35
4/9/2021,14:00,1.223
4/9/2021,15:00,1.163
4/9/2021,16:00,1.15
4/9/2021,21:00,1.493
4/9/2021,22:00,1.58
4/9/2021,23:00,1.552
4/10/2021,0:00,1.506
4/10/2021,1:00,1.494
4/10/2021,2:00,1.521
4/10/2021,3:00,1.539
4/10/2021,4:00,1.475
4/10/2021,5:00,1.549
4/10/2021,6:00,1.444
4/10/2021,7:00,1.6
4/10/2021,8:00,1.595
4/10/2021,9:00,1.639
4/10/2021,10:00,1.579
4/10/2021,11:00,1.579
4/10/2021,12:00,1.489
4/10/2021,13:00,1.439
4/10/2021,14:00,1.421
4/10/2021,15:00,1.319
4/10/2021,16:00,1.347
4/10/2021,17:00,1.317
4/10/2021,18:00,1.583
4/10/2021,19:00,1.433
4/10/2021,20:00,1.514
4/10/2021,21:00,1.632
4/10/2021,22:00,1.648
4/10/2021,23:00,1.621
4/11/2021,0:00,1.517
4/11/2021,1:00,1.574
4/11/2021,2:00,1.485
4/11/2021,3:00,1.501
4/11/2021,4:00,1.493
4/11/2021,5:00,1.522
4/11/2021,6:00,1.499
4/11/2021,7:00,1.504
4/11/2021,8:00,1.526
4/11/2021,9:00,1.569
4/11/2021,10:00,1.55
4/11/2021,11:00,1.492
4/11/2021,12:00,1.476
4/11/2021,13:00,1.48
4/11/2021,14:00,1.422
4/12/2021,7:00,1.48
4/12/2021,8:00,1.481
4/12/2021,9:00,1.494
4/12/2021,10:00,1.561
4/12/2021,11:00,1.505
4/12/2021,12:00,1.442
4/13/2021,1:00,1.355
4/13/2021,2:00,1.355
4/13/2021,3:00,1.355
4/13/2021,4:00,1.355
4/13/2021,5:00,1.355
4/13/2021,6:00,1.355
4/13/2021,7:00,1.355
4/13/2021,8:00,1.355
4/13/2021,9:00,1.355
4/13/2021,10:00,1.355
4/13/2021,11:00,1.355
4/13/2021,12:00,1.355
4/13/2021,13:00,1.355
4/13/2021,14:00,1.294
4/13/2021,15:00,1.339
4/13/2021,16:00,1.324
4/13/2021,17:00,1.401
4/13/2021,22:00,1.406
4/13/2021,23:00,1.406
4/14/2021,0:00,1.695
4/14/2021,1:00,1.661
4/14/2021,2:00,1.6
4/14/2021,3:00,1.575
4/14/2021,4:00,1.493
4/14/2021,5:00,1.443
4/14/2021,6:00,1.363
4/14/2021,7:00,1.284
4/14/2021,8:00,1.245
4/14/2021,9:00,1.313
4/14/2021,10:00,1.37
4/14/2021,11:00,1.361
4/14/2021,12:00,1.353
4/14/2021,13:00,1.345
4/14/2021,14:00,1.351
4/14/2021,15:00,1.373
4/14/2021,22:00,1.379
4/14/2021,23:00,1.379
4/15/2021,0:00,1.379
4/15/2021,1:00,1.379
4/15/2021,2:15,1.654
4/15/2021,3:00,1.602
4/15/2021,4:00,1.536
4/15/2021,5:00,1.46
4/15/2021,6:15,1.34
4/15/2021,7:00,1.272
4/15/2021,8:00,1.212
4/15/2021,9:00,1.244
4/15/2021,10:00,1.312
4/15/2021,11:00,1.288
4/15/2021,12:00,1.3
4/15/2021,13:00,1.323
4/15/2021,14:00,1.34
4/15/2021,15:00,1.35
4/15/2021,16:00,1.393
4/15/2021,22:00,1.418
4/15/2021,23:00,1.418
4/16/2021,0:15,1.418
4/16/2021,1:00,1.418
4/16/2021,2:00,1.418
4/16/2021,3:00,1.418
4/16/2021,4:00,1.586
4/16/2021,5:00,1.527
4/16/2021,6:00,1.424
4/16/2021,7:00,1.355
4/16/2021,8:00,1.256
4/16/2021,9:00,1.188
4/16/2021,10:00,1.242
4/16/2021,11:00,1.272
4/16/2021,12:00,1.256
4/16/2021,13:00,1.249
4/16/2021,14:00,1.281
4/16/2021,15:00,1.306
4/16/2021,16:00,1.381
4/16/2021,17:00,1.456
4/16/2021,18:00,1.555
4/16/2021,19:00,1.641
4/16/2021,20:00,1.715
4/16/2021,21:00,1.747
4/16/2021,22:00,1.777
4/16/2021,23:00,1.839
4/17/2021,0:00,1.807
4/17/2021,1:00,1.78
4/17/2021,2:00,1.759
4/17/2021,3:00,1.706
4/17/2021,4:00,1.682
4/17/2021,5:15,1.614
4/17/2021,6:00,1.551
4/17/2021,7:00,1.453
4/17/2021,8:00,1.379
4/17/2021,9:00,1.293
4/17/2021,10:00,1.244
4/17/2021,11:00,1.24
4/17/2021,12:00,1.259
4/17/2021,13:00,1.262
5/1/2021,9:00,1.193
5/1/2021,10:15,1.092
5/1/2021,11:00,1.071
5/1/2021,12:00,1.077
5/1/2021,13:00,1.132
5/1/2021,14:00,1.173
5/1/2021,15:00,1.26
5/1/2021,16:00,1.343
5/1/2021,17:00,1.448
5/1/2021,18:00,1.548
5/1/2021,19:00,1.676
5/1/2021,20:00,1.736
5/1/2021,21:00,1.792
5/1/2021,22:00,1.869
5/1/2021,23:00,1.905
5/2/2021,0:00,1.968
5/2/2021,1:00,1.987
5/2/2021,2:00,1.979
5/2/2021,3:00,1.937
5/2/2021,4:00,1.911
5/2/2021,5:00,1.869
5/2/2021,6:00,1.78
5/2/2021,7:00,1.663
5/2/2021,8:00,1.542
5/2/2021,9:00,1.459
5/2/2021,10:00,1.313
5/2/2021,11:00,1.232
5/2/2021,12:00,1.193
5/2/2021,13:00,1.147
5/2/2021,14:00,1.183
5/2/2021,15:00,1.248
5/2/2021,16:00,1.322
5/2/2021,17:00,1.431
5/2/2021,18:00,1.549
5/2/2021,19:00,1.649
5/2/2021,20:00,1.715
5/2/2021,21:00,1.765
5/2/2021,22:00,1.816
5/2/2021,23:00,1.854
5/3/2021,0:00,1.874
5/3/2021,1:00,1.941
5/3/2021,2:00,1.938
5/3/2021,3:00,1.926
5/3/2021,4:00,1.934
5/3/2021,5:00,1.921
5/3/2021,6:00,1.861
5/3/2021,7:00,1.722
5/3/2021,8:00,1.653
5/3/2021,9:00,1.531
5/3/2021,10:00,1.395
5/3/2021,11:00,1.268
5/3/2021,12:00,1.207
5/3/2021,13:00,1.191
5/3/2021,14:00,1.199
5/3/2021,15:00,1.15
5/3/2021,16:00,1.287
5/3/2021,17:00,1.418
5/3/2021,18:00,1.512
5/3/2021,19:00,1.615
5/3/2021,20:00,1.713
5/3/2021,21:00,1.769
5/3/2021,22:00,1.758
5/3/2021,23:00,1.756
5/4/2021,0:00,1.824
5/4/2021,1:00,1.839
5/4/2021,2:00,1.901
5/4/2021,3:00,1.921
5/4/2021,4:00,1.908
5/4/2021,5:00,1.91
5/4/2021,6:00,1.912
5/4/2021,7:00,1.845
5/4/2021,8:00,1.759
5/4/2021,9:00,1.64
5/4/2021,10:00,1.516
5/4/2021,11:00,1.388
5/4/2021,12:15,1.265
5/4/2021,13:00,1.174
5/4/2021,14:00,1.188
5/4/2021,15:00,1.193
5/4/2021,16:00,1.249
5/4/2021,17:00,1.381
5/4/2021,18:00,1.526
5/4/2021,19:00,1.644
5/4/2021,20:00,1.691
5/4/2021,21:00,1.733
5/4/2021,22:00,1.693
5/4/2021,23:00,1.67
5/5/2021,0:00,1.668
5/5/2021,1:00,1.7
5/5/2021,2:00,1.716
5/5/2021,3:00,1.778
5/5/2021,4:00,1.79
5/5/2021,5:00,1.807
5/5/2021,6:00,1.815
5/5/2021,7:00,1.759
5/20/2021,1:00,1.663
5/20/2021,2:00,1.649
5/20/2021,3:00,1.655
5/20/2021,4:00,1.647
5/20/2021,5:00,1.652
5/20/2021,6:00,1.656
5/20/2021,7:00,1.61
5/20/2021,8:00,1.537
5/20/2021,9:00,1.452
5/20/2021,10:00,1.355
5/20/2021,11:00,1.261
5/20/2021,12:00,1.207
5/20/2021,13:00,1.187
5/20/2021,14:00,1.167
5/20/2021,15:00,1.163
5/20/2021,16:00,1.292
5/20/2021,17:00,1.435
5/20/2021,18:15,1.613
5/20/2021,19:00,1.657
5/20/2021,20:00,1.695
5/20/2021,21:00,1.726
5/20/2021,22:00,1.719
5/20/2021,23:00,1.673
5/21/2021,0:00,1.639
5/21/2021,1:00,1.606
5/21/2021,2:00,1.592
5/21/2021,3:00,1.581
5/21/2021,4:00,1.617
5/21/2021,5:00,1.632
6/21/2021,14:00,1.433
6/21/2021,15:00,1.474
6/21/2021,16:00,1.507
6/21/2021,17:00,1.602
6/21/2021,18:00,1.69
6/21/2021,19:00,1.77
6/21/2021,20:00,1.783
6/21/2021,21:00,1.771
6/21/2021,22:00,1.771
6/21/2021,23:00,1.693
6/22/2021,0:00,1.578
6/22/2021,1:00,1.527
6/22/2021,2:00,1.388
6/22/2021,3:00,1.229
6/22/2021,4:00,1.186
6/22/2021,5:00,1.184
6/22/2021,6:00,1.206
6/22/2021,7:00,1.218
6/22/2021,8:00,1.286
6/22/2021,9:00,1.299
6/22/2021,10:00,1.334
6/22/2021,11:00,1.412
6/22/2021,12:00,1.433
6/22/2021,13:00,1.473
6/22/2021,14:00,1.552
6/22/2021,20:00,2.019
6/22/2021,21:00,2.03
6/22/2021,22:00,2.041
6/22/2021,23:00,1.864
6/23/2021,0:00,1.767
6/23/2021,1:00,1.681
6/23/2021,2:00,1.52
6/23/2021,3:00,1.415
6/23/2021,4:00,1.303
6/23/2021,5:00,1.165
6/23/2021,6:00,1.139
6/23/2021,7:00,1.203
6/23/2021,8:00,1.269
6/23/2021,14:00,1.574
6/23/2021,15:00,1.588
6/23/2021,16:00,1.694
6/23/2021,17:00,1.867
6/23/2021,18:00,1.99
6/23/2021,19:00,2.177
6/23/2021,20:00,2.146
6/23/2021,21:00,2.093
6/23/2021,22:00,2.035
6/23/2021,23:00,1.968
6/24/2021,0:00,1.842
6/24/2021,1:00,1.773
6/24/2021,2:00,1.638
6/24/2021,3:00,1.488
6/24/2021,4:00,1.304
6/24/2021,5:00,1.137
6/24/2021,6:00,1.043
6/24/2021,7:00,1.108
6/24/2021,8:00,1.19
6/24/2021,9:00,1.149
6/24/2021,10:00,1.224
6/24/2021,11:00,1.297
6/24/2021,12:00,1.388
6/24/2021,13:00,1.437
6/24/2021,14:00,1.53
6/24/2021,15:00,1.568
6/24/2021,16:00,1.512
6/24/2021,17:00,1.754
6/24/2021,18:00,1.809
6/24/2021,19:00,1.963
6/24/2021,20:00,2.115
6/24/2021,21:00,2.186
6/24/2021,22:00,2.029
6/24/2021,23:00,2.016
6/25/2021,0:00,1.882
6/25/2021,1:00,1.868
6/25/2021,2:00,1.74
6/25/2021,3:00,1.565
6/25/2021,4:00,1.383
6/25/2021,5:00,1.158
6/25/2021,6:00,1.005
6/25/2021,7:00,0.931
6/25/2021,8:00,0.899
6/25/2021,9:00,0.971
6/25/2021,10:00,0.98
6/25/2021,11:00,1.085
6/25/2021,12:00,1.173
6/25/2021,13:00,1.319
6/25/2021,14:00,1.435
7/28/2021,15:00,1.366
7/28/2021,16:00,1.65
7/28/2021,17:00,1.515
7/28/2021,18:00,1.588
7/28/2021,19:00,1.795
7/28/2021,20:00,1.716
7/28/2021,21:00,1.579
7/28/2021,22:00,1.787
7/28/2021,23:00,1.648
7/29/2021,0:00,1.736
7/29/2021,1:00,1.64
7/29/2021,2:00,1.558
7/29/2021,3:00,1.474
7/29/2021,4:00,1.487
7/29/2021,5:00,1.368
7/29/2021,6:00,1.412
7/29/2021,7:00,1.366
7/29/2021,8:00,1.282
7/29/2021,9:00,1.359
7/29/2021,10:00,1.259
7/29/2021,11:00,1.407
7/29/2021,12:00,1.384
7/29/2021,13:00,1.331
7/29/2021,14:00,1.43
7/29/2021,15:00,1.559
7/29/2021,16:00,1.565
7/29/2021,17:00,1.678
7/29/2021,18:00,1.615
7/29/2021,19:00,1.695
7/29/2021,20:00,1.706
7/29/2021,21:00,1.692
7/29/2021,22:00,1.695
7/29/2021,23:00,1.648
7/30/2021,0:00,1.603
7/30/2021,1:00,1.577
7/30/2021,2:00,1.469
7/30/2021,3:00,1.411
7/30/2021,4:00,1.476
9/11/2021,1:00,1.392
9/11/2021,2:00,1.351
9/11/2021,3:00,1.317
9/11/2021,4:00,1.383
9/11/2021,5:00,1.378
9/11/2021,6:00,1.498
9/11/2021,7:00,1.518
9/11/2021,8:00,1.468
9/11/2021,9:00,1.528
9/11/2021,10:00,1.57
9/11/2021,11:00,1.659
9/11/2021,12:00,1.693
9/11/2021,13:00,1.693
9/11/2021,14:00,1.707
9/11/2021,15:00,1.636
9/11/2021,16:00,1.67
9/11/2021,17:00,1.707
9/11/2021,18:00,1.767
9/11/2021,19:00,1.63
9/11/2021,20:00,1.45
9/11/2021,21:00,1.402
9/11/2021,22:00,1.366
9/11/2021,23:00,1.36
9/12/2021,0:00,1.392
9/12/2021,1:00,1.251
9/12/2021,2:00,1.3
9/12/2021,3:00,1.278
9/12/2021,4:00,1.361
9/12/2021,5:00,1.38
9/12/2021,6:00,1.49
9/12/2021,7:00,1.55
9/12/2021,8:00,1.61
9/12/2021,9:00,1.614
9/12/2021,10:00,1.676
9/12/2021,11:00,1.766
9/12/2021,12:00,1.825
9/12/2021,13:00,1.775
9/12/2021,14:00,1.9
9/12/2021,15:00,1.749
9/12/2021,16:00,1.76
9/12/2021,17:00,1.837
9/12/2021,18:00,1.79
9/12/2021,19:00,1.787
9/12/2021,20:00,1.712
9/12/2021,21:00,1.581
9/12/2021,22:00,1.496
9/12/2021,23:00,1.403
9/13/2021,0:00,1.343
9/13/2021,1:00,1.257
9/13/2021,2:00,1.278
9/13/2021,3:00,1.194
9/13/2021,4:00,1.271
9/13/2021,5:00,1.351
9/13/2021,6:00,1.433
9/13/2021,7:00,1.555
9/13/2021,8:00,1.603
9/13/2021,9:00,1.672
10/20/2021,23:00,1.335
10/21/2021,0:00,1.343
10/21/2021,1:00,1.396
10/21/2021,2:00,1.335
10/21/2021,3:00,1.445
10/21/2021,4:00,1.44
10/21/2021,5:00,1.56
10/21/2021,6:00,1.547
10/21/2021,7:00,1.641
10/21/2021,8:00,1.737
10/21/2021,9:00,1.824
10/21/2021,10:00,1.841
10/21/2021,11:00,1.829
10/21/2021,12:00,1.686
10/21/2021,13:00,1.695
10/21/2021,14:00,1.72
10/21/2021,15:00,1.618
10/21/2021,16:00,1.395
10/21/2021,17:00,1.47
10/21/2021,18:00,1.409
10/21/2021,19:00,1.385
10/21/2021,20:00,1.312
10/21/2021,21:00,1.35
10/21/2021,22:00,1.344
10/21/2021,23:00,1.288
10/22/2021,0:00,1.293
10/22/2021,1:00,1.313
10/22/2021,2:00,1.364
10/22/2021,3:00,1.374
10/22/2021,4:00,1.456
10/22/2021,5:00,1.567
10/22/2021,6:00,1.587
10/22/2021,7:00,1.608
10/22/2021,8:00,1.717
10/22/2021,9:00,1.753
10/22/2021,10:00,1.796
10/22/2021,11:00,1.807
10/22/2021,12:00,1.798
10/22/2021,13:00,1.769
10/22/2021,14:00,1.78
11/20/2021,6:00,1.83
11/20/2021,7:00,1.873
11/20/2021,8:00,1.881
11/20/2021,9:00,1.907
11/20/2021,10:00,1.948
11/20/2021,11:00,1.849
11/20/2021,12:00,1.829
11/20/2021,13:00,1.767
11/20/2021,14:00,1.681
11/20/2021,15:00,1.547
11/20/2021,16:00,1.436
11/20/2021,17:00,1.29
11/20/2021,18:00,1.216
11/20/2021,19:00,1.165
11/20/2021,20:00,1.174
11/20/2021,21:00,1.198
11/20/2021,22:00,1.176
11/20/2021,23:00,1.197
11/21/2021,0:00,1.226
11/21/2021,1:00,1.289
11/21/2021,2:00,1.345
11/21/2021,3:00,1.42
11/21/2021,4:00,1.531
11/21/2021,5:00,1.656
11/21/2021,6:00,1.771
11/21/2021,7:00,1.843
11/21/2021,8:00,1.961
11/21/2021,9:00,2.057
11/21/2021,10:00,2.091
11/21/2021,11:00,2.076
11/21/2021,12:00,1.997
11/21/2021,13:00,1.924
11/21/2021,14:00,1.814
11/21/2021,15:00,1.733
11/21/2021,16:00,1.53
11/21/2021,17:00,1.417
11/21/2021,18:00,1.345
11/21/2021,19:00,1.221
11/21/2021,20:00,1.2
11/21/2021,21:00,1.208
11/21/2021,22:00,1.233
11/21/2021,23:00,1.229
11/22/2021,0:00,1.235
12/17/2021,11:00,1.947
12/17/2021,12:00,1.756
12/17/2021,13:00,1.673
12/17/2021,14:00,1.523
12/17/2021,15:00,1.296
12/17/2021,16:00,1.223
12/17/2021,17:00,1.151
12/17/2021,18:00,1.118
12/17/2021,19:00,1.146
12/17/2021,20:00,1.154
12/17/2021,21:00,1.17
12/17/2021,22:00,1.228
12/17/2021,23:00,1.292
12/18/2021,0:00,1.302
12/18/2021,1:00,1.356
12/18/2021,2:00,1.45
12/18/2021,3:00,1.534
12/18/2021,4:00,1.652
12/18/2021,5:00,1.75
12/18/2021,6:00,1.866
12/18/2021,7:00,1.919
12/18/2021,8:00,2.014
12/18/2021,9:00,1.988
12/18/2021,10:00,2.034
12/18/2021,11:00,1.981
12/18/2021,12:00,1.904
12/18/2021,13:15,1.73
12/18/2021,14:00,1.571
12/18/2021,15:00,1.466
12/18/2021,16:00,1.387
12/18/2021,17:00,1.242
12/18/2021,18:00,1.189
12/18/2021,19:00,1.139
12/18/2021,20:00,1.155
12/18/2021,21:00,1.193
12/18/2021,22:00,1.252
12/18/2021,23:00,1.284
12/19/2021,0:00,1.348
12/19/2021,1:00,1.444
12/19/2021,2:00,1.505
12/19/2021,3:00,1.565
12/19/2021,4:00,1.668
12/19/2021,5:00,1.749
12/19/2021,6:00,1.874
12/19/2021,7:00,1.921
12/19/2021,8:00,2.002
12/19/2021,9:00,2.096
12/19/2021,10:00,2.094
12/19/2021,11:00,2.004
12/19/2021,12:00,1.977
12/19/2021,13:00,1.843
12/19/2021,14:00,1.775
12/19/2021,15:00,1.496
12/19/2021,16:00,1.418
12/19/2021,17:00,1.277
12/19/2021,18:00,1.167
12/19/2021,19:15,1.118
12/19/2021,20:15,1.128
12/19/2021,21:00,1.175
12/19/2021,22:00,1.214
12/19/2021,23:00,1.256
12/20/2021,0:00,1.282
12/20/2021,1:00,1.339
12/20/2021,2:00,1.299
12/20/2021,3:00,1.444
12/20/2021,4:00,1.515
12/20/2021,5:00,1.644
12/20/2021,6:00,1.737
12/20/2021,7:00,1.851
12/20/2021,8:00,1.919
12/20/2021,9:00,1.979
1/9/2022,16:00,1.455
1/9/2022,17:00,1.356
1/9/2022,18:00,1.243
1/9/2022,19:00,1.226
1/9/2022,20:00,1.237
1/9/2022,21:00,1.294
1/9/2022,22:00,1.187
1/9/2022,23:00,1.193
1/10/2022,0:00,1.125
1/10/2022,1:00,1.38
1/10/2022,2:00,1.496
1/10/2022,3:00,1.46
1/10/2022,4:00,1.534
1/10/2022,5:00,1.637
1/10/2022,6:15,1.707
1/10/2022,7:00,1.705
1/10/2022,8:00,1.733
1/10/2022,9:00,1.708
1/10/2022,10:00,1.707
1/10/2022,11:00,1.557
1/10/2022,12:00,1.427
1/10/2022,13:00,1.539
1/10/2022,14:00,1.439
1/10/2022,15:00,1.485
1/10/2022,16:00,1.426
1/10/2022,17:00,1.196
1/10/2022,18:00,1.411
2/20/2022,21:00,1.064
2/20/2022,22:00,1.195
2/20/2022,23:00,1.281
2/21/2022,0:00,1.319
2/21/2022,1:00,1.368
2/21/2022,2:00,1.366
2/21/2022,3:00,1.41
2/21/2022,4:00,1.353
2/21/2022,5:00,1.323
2/21/2022,6:00,1.337
2/21/2022,7:00,1.394
2/21/2022,8:00,1.325
2/21/2022,9:00,1.367
2/21/2022,10:00,1.382
2/21/2022,11:00,1.381
2/21/2022,12:00,1.407
2/21/2022,13:00,1.366
2/21/2022,14:00,1.385
2/21/2022,15:00,1.261
2/21/2022,16:00,1.308
2/21/2022,17:00,1.218
2/21/2022,18:00,1.066
2/21/2022,19:00,1.19
2/21/2022,20:00,1.188
2/21/2022,21:00,1.299
2/21/2022,22:00,1.331
2/21/2022,23:00,1.369
2/22/2022,0:00,1.662
2/22/2022,1:00,1.729
2/22/2022,2:00,1.276
2/22/2022,3:00,1.208
2/22/2022,4:00,1.344
2/22/2022,5:00,1.652
2/22/2022,6:00,1.272
3/20/2022,5:00,1.26
3/20/2022,6:00,1.233
3/20/2022,7:00,1.296
3/20/2022,8:00,1.291
3/20/2022,9:00,1.279
3/20/2022,10:00,1.397
3/20/2022,11:00,1.383
3/20/2022,12:00,1.34
3/20/2022,13:00,1.34
3/20/2022,14:00,1.288
3/20/2022,15:00,1.281
3/20/2022,16:00,1.228
3/20/2022,17:00,1.288
3/20/2022,18:00,1.347
3/20/2022,19:00,1.198
3/20/2022,20:00,1.296
3/20/2022,21:00,1.326
3/20/2022,22:00,1.414
3/20/2022,23:00,1.433
3/21/2022,0:00,1.463
3/21/2022,1:00,1.463
3/21/2022,2:00,1.415
3/21/2022,3:00,1.434
3/21/2022,4:00,1.369
3/21/2022,5:00,1.383
3/21/2022,6:00,1.339
3/21/2022,7:00,1.275
3/21/2022,8:00,1.246
3/21/2022,9:00,1.258
3/21/2022,10:00,1.233
3/21/2022,11:00,1.287
3/21/2022,12:00,1.23
3/21/2022,13:05,1.131
3/21/2022,14:00,1.124
3/21/2022,15:00,1.071
3/21/2022,16:00,1.057
3/21/2022,17:00,1.089
3/21/2022,18:00,1.194
3/21/2022,19:00,1.222
3/21/2022,20:00,1.297
3/21/2022,21:00,1.388
3/21/2022,22:00,1.495
3/21/2022,23:00,1.547
3/22/2022,0:00,1.504
3/22/2022,1:00,1.544
3/22/2022,2:00,1.49
3/22/2022,3:00,1.472
3/22/2022,4:00,1.437
3/22/2022,5:00,1.392
3/22/2022,6:00,1.333
3/22/2022,7:00,1.292
3/22/2022,8:00,1.255
3/22/2022,9:00,1.128
3/22/2022,10:00,1.119
3/22/2022,11:00,1.118
3/22/2022,12:00,1.095
3/22/2022,13:00,1.115
3/22/2022,14:00,1.136
3/22/2022,15:00,1.031
3/22/2022,16:00,1.132
3/22/2022,17:00,1.121
3/22/2022,18:00,1.244
3/22/2022,19:00,1.301
3/22/2022,20:00,1.287
3/22/2022,21:00,1.39
3/22/2022,22:00,1.481
3/22/2022,23:00,1.503
3/23/2022,0:00,1.557
3/23/2022,1:00,1.564
3/23/2022,2:00,1.542
3/23/2022,3:00,1.508
3/23/2022,4:00,1.592
3/23/2022,5:00,1.499
3/23/2022,6:00,1.387
3/23/2022,7:00,1.361
3/23/2022,8:00,1.216
3/23/2022,9:00,1.146
3/23/2022,10:00,1.012
3/23/2022,11:00,1.012
3/23/2022,12:00,1.047
3/23/2022,13:00,1.013
4/25/2022,16:00,1.055
4/25/2022,17:00,1.093
4/25/2022,18:00,1.268
4/25/2022,19:00,1.404
4/25/2022,20:00,1.477
4/25/2022,21:00,1.544
4/25/2022,22:00,1.566
4/25/2022,23:00,1.543
4/26/2022,0:00,1.525
4/26/2022,1:00,1.518
4/26/2022,2:00,1.486
4/26/2022,3:00,1.53
4/26/2022,4:00,1.541
4/26/2022,5:00,1.631
4/26/2022,6:00,1.657
4/26/2022,7:00,1.687
4/26/2022,8:00,1.611
4/26/2022,9:00,1.54
4/26/2022,10:00,1.486
4/26/2022,11:00,1.304
4/26/2022,12:00,1.272
4/26/2022,13:00,1.223
4/26/2022,14:00,1.103
4/26/2022,15:00,1.053
4/26/2022,16:00,0.976
4/26/2022,17:00,1.143
4/26/2022,18:00,1.213
4/26/2022,19:00,1.385
4/26/2022,20:00,1.528
4/26/2022,21:00,1.585
4/26/2022,22:00,1.572
4/26/2022,23:00,1.501
4/27/2022,0:00,1.512
4/27/2022,1:00,1.394
4/27/2022,2:00,1.409
4/27/2022,3:00,1.406
4/27/2022,4:00,1.418
4/27/2022,5:00,1.438
4/27/2022,6:00,1.425
4/27/2022,7:00,1.515
4/27/2022,8:00,1.547
5/13/2022,16:00,1.42
5/13/2022,17:00,1.419
5/13/2022,18:00,1.676
5/13/2022,19:00,1.776
5/13/2022,20:00,1.616
5/13/2022,21:00,1.499
5/13/2022,22:00,1.554
5/13/2022,23:00,1.504
5/14/2022,0:00,1.56
5/14/2022,1:00,1.455
5/14/2022,2:00,1.338
5/14/2022,3:00,1.315
6/10/2022,0:00,1.544
6/10/2022,1:00,1.541
6/10/2022,2:00,1.421
6/10/2022,3:00,1.37
6/10/2022,4:00,1.362
6/10/2022,5:00,1.338
6/10/2022,6:00,1.326
6/10/2022,7:00,1.312
6/10/2022,8:00,1.267
6/10/2022,9:00,1.302
6/10/2022,10:00,1.266
6/10/2022,11:00,1.293
6/10/2022,12:00,1.261
6/10/2022,13:00,1.336
6/10/2022,14:00,1.311
6/10/2022,15:00,1.385
6/10/2022,16:00,1.491
6/10/2022,17:00,1.639
6/10/2022,18:00,1.586
6/10/2022,19:00,1.643
6/10/2022,20:05,1.708
6/10/2022,21:00,1.695
6/10/2022,22:00,1.733
6/10/2022,23:00,1.627
6/11/2022,0:00,1.595
7/2/2022,23:00,1.855
7/3/2022,0:00,1.758
7/3/2022,1:00,1.806
7/3/2022,2:00,1.702
7/3/2022,3:00,1.61
7/3/2022,4:00,1.59
7/3/2022,5:00,1.56
7/3/2022,6:00,1.469
7/3/2022,7:00,1.321
7/3/2022,8:00,1.322
7/3/2022,9:00,1.166
7/3/2022,17:00,1.559
7/3/2022,18:00,1.606
7/3/2022,19:00,1.701
7/3/2022,20:00,1.631
7/3/2022,21:00,1.719
7/3/2022,22:00,1.713
7/3/2022,23:00,1.839
7/4/2022,0:00,1.778
7/4/2022,1:00,1.752
7/4/2022,2:00,1.663
7/4/2022,3:00,1.592
7/4/2022,4:00,1.491
7/4/2022,5:05,1.556
7/4/2022,6:00,1.435
7/4/2022,7:00,1.346
7/4/2022,8:00,1.236
7/4/2022,9:00,1.335
7/4/2022,10:00,1.209
7/4/2022,11:00,1.175
7/4/2022,12:00,1.309
7/4/2022,13:00,1.291
7/4/2022,14:00,1.296
7/4/2022,15:00,1.424
11/19/2022,21:00,1.368
11/19/2022,22:00,1.377
11/19/2022,23:00,1.255
11/20/2022,0:00,1.261
11/20/2022,1:00,1.19
11/20/2022,2:00,1.191
11/20/2022,3:00,1.185
11/20/2022,4:00,1.256
11/20/2022,5:00,1.319
11/25/2022,9:00,2.134
11/25/2022,10:00,2.101
11/25/2022,11:00,2.029
11/25/2022,12:00,1.973
11/25/2022,13:00,1.868
11/25/2022,14:00,1.728
11/30/2022,15:00,1.797
11/30/2022,16:00,1.758
11/30/2022,17:00,1.731
11/30/2022,18:00,1.595
11/30/2022,19:00,1.607
11/30/2022,20:00,1.41
11/30/2022,21:00,1.323
11/30/2022,22:00,1.134
11/30/2022,23:00,1.11
12/1/2022,0:00,1.059
12/16/2022,22:00,1.167
12/16/2022,23:00,1.218
12/17/2022,0:00,1.088

